id,username,created_at,lng,lat,text
1517207905472286721,EWints,Thu Apr 21 18:25:27 +0000 2022,-71.347131,42.448229,"END 1st: @wellesleysports 1Ô∏è‚É£, Winchester 1Ô∏è‚É£Christian Grosso gets the scoring started with 10:12 left in the 1st‚Ä¶ https://t.co/oF8v2qgvkB"
1517207916570243072,tmj_WAR_NURSING,Thu Apr 21 18:25:30 +0000 2022,-119.1372338,46.2112458,"Want to land a job like ""Acute Dialysis Patient Care Technician"" at Fresenius Medical Care? Applicant tracking syst‚Ä¶ https://t.co/YdC7sO7oAC"
1517207920475136003,riemersma_63,Thu Apr 21 18:25:31 +0000 2022,-122.455344,47.242960499999995,2022 HRo DC Hybrid NFT cardsEpic Sinestro vs Green Lantern Holo(unredeemed)$30 shipped https://t.co/PQVRcXAS6G
1517207949688549376,LatanaPowell,Thu Apr 21 18:25:38 +0000 2022,-122.455344,47.242960499999995,"Yes, I'm, Asherah https://t.co/hbO582Iwxh"
1517207954117718016,QuickestTempa,Thu Apr 21 18:25:39 +0000 2022,-122.4269055,47.0895845,And people think jokes aren‚Äôt based in reality looooool
1517207955824852992,Mary_XORI,Thu Apr 21 18:25:39 +0000 2022,-71.378008,41.877246,Giving the BG Egg a tune up today @GrillNewEngland  üòâüë©‚Äçüç≥ü•©ü•ìüçîüçñüçówater boils at 212F or 100C...so check the accuracy of‚Ä¶ https://t.co/gK9f1FCiGH
1517207971415175176,09Mark1,Thu Apr 21 18:25:43 +0000 2022,-71.0887125,42.3136695,@ConservaTex @SonnieJohnson @BreitbartNews I think what she meant to say was because she called out the Republican‚Ä¶ https://t.co/FUGMz6Zasu
1517207973965217792,AishaStaggers,Thu Apr 21 18:25:44 +0000 2022,-72.9209165,41.39347,@TabbyNt90 She sheds.
1517207974850314242,valenti5_erika,Thu Apr 21 18:25:44 +0000 2022,-71.112377,42.3781975,What kind of HR Pufnstuf costume hell is he wearing?!
1517208015589548033,PhotoAmy33,Thu Apr 21 18:25:53 +0000 2022,-73.396371,41.46737,Someone please tell me how it‚Äôs $95 to go 7 miles. WTF!!  @lyft https://t.co/JtJ64gHqBE
1517208018840014849,lindseylosers,Thu Apr 21 18:25:54 +0000 2022,-122.3306025,47.614817,Hey y‚Äôall! My partner‚Äôs workplace is finally unionizing. Please take a moment to sign this petition to show your su‚Ä¶ https://t.co/vb6JIDn9bf
1517208019154657281,morgano2l,Thu Apr 21 18:25:54 +0000 2022,-72.757385,41.500753,These 12 schools are working together and leading our island into a better future üëèüëèüëè
1517208020320722952,Sean_P_Doyle,Thu Apr 21 18:25:55 +0000 2022,-70.925859,41.912274499999995,@staphwriter @ScottFeinberg You‚Äôre absolutely right. Closer to triple
1517208027211911169,wtondo,Thu Apr 21 18:25:56 +0000 2022,-71.4218325,41.817084,Yankees are allergic to RISP
1517208040881242112,KappaGirl97,Thu Apr 21 18:25:59 +0000 2022,-75.77004099999999,42.746617,@Jayecane @MagoSinMagia_G Done!
1517208041254539264,everyEarthquake,Thu Apr 21 18:26:00 +0000 2022,-121.93116667,46.88416667,"USGS reports a M-0.17 earthquake, 15 km NNE of Ashford, Washington on 4/20/22 @ 20:51:30 UTC https://t.co/USkYkeDZSg #earthquake"
1517208049324331014,ABigThingBadly,Thu Apr 21 18:26:01 +0000 2022,-72.731526,41.685889,Let‚Äôs goooooo!!!  Anyone else?  We have a big game against @fcfkodfc this Saturday
1517208059835293699,CentauriBussy,Thu Apr 21 18:26:04 +0000 2022,-71.112377,42.3781975,@mattxiv Agreed!!!!!
1517208068563431424,Clim8Resilient,Thu Apr 21 18:26:06 +0000 2022,-123.81294299999999,46.1873455,"If you're in New England or Greater Atlantica, grab a coffee from Dunkin. She was a fanatic her entire life for the‚Ä¶ https://t.co/J9CFbMuQ5R"
1517208085462347776,tmj_maw_transp,Thu Apr 21 18:26:10 +0000 2022,-71.7350047,42.5325839,"If jobs with titles like ""Leominster, MA PT Local Sort Supervisor"" sound appealing to you, follow us to hear about‚Ä¶ https://t.co/LKFBUXeYc8"
1517208103305068545,JoeShow68347212,Thu Apr 21 18:26:14 +0000 2022,-71.02134,42.256124,"@jeffwb2 @Socialpotato38 @7News You chose President Trump 4news.Media is the enemy,he said. Feb24,2017. Only HE sa‚Ä¶ https://t.co/Tc4cK4WLnN"
1517208114973462528,mrelph,Thu Apr 21 18:26:17 +0000 2022,-122.20190500000001,47.680319,@molly_struve Token Ring loopback
1517208128437243910,nancyoneil1020,Thu Apr 21 18:26:20 +0000 2022,-71.4356815,42.305097,"@donwinslow @SRuhle She's the best, and she has the world's happiest smile!"
1517208138264498176,realsoberlatina,Thu Apr 21 18:26:23 +0000 2022,-72.9291585,41.298394,Can I get a FUCK Tomi Lahren today?
1517208141087215616,MrBurks206,Thu Apr 21 18:26:23 +0000 2022,-122.334461,47.307568,@isiahbarber @AirMikeel Yea for sure. Sticking with my pick they are the better team.
1517208146531344384,HonkeyHero18,Thu Apr 21 18:26:25 +0000 2022,-120.58340150000001,44.1454365,@CassandraRules Why on earth would a grown woman get Disney tattoos in the first place?
1517208146900664322,CursedtoFirst,Thu Apr 21 18:26:25 +0000 2022,-71.326858,42.636248,Thank you to Youk for being a much-needed bright spot in our baseball lives right now. https://t.co/InRLCyWmym
1517208214089003008,tmj_ma_retail,Thu Apr 21 18:26:41 +0000 2022,-71.1904344,42.1781315,"If jobs with titles like ""shift manager - Store# 03433, NORWOOD RTE. 1 NORTH"" sound appealing to you, follow us to‚Ä¶ https://t.co/sNnesPiaWB"
1517208219017310208,AngryJackHarlow,Thu Apr 21 18:26:42 +0000 2022,-122.415955,47.1749995,Need more black around the eyes and this would be perfect!7/10
1517208229511577601,MuvaMack,Thu Apr 21 18:26:44 +0000 2022,-71.812438,42.275760000000005,They say ‚Äúgo where your loved‚Äù but what if ion like the nigga ‚Ä¶ then what? I‚Äôm the bad one
1517208238491463680,SteamSaint,Thu Apr 21 18:26:47 +0000 2022,-122.096397,47.9921425,"@aonehattown @CerebroCast @Cerebroanim @KrakoaWelcomes @Blankzilla The wrist claw just REALLY makes me uncomfortable, NGL."
1517208246939013122,RoyalRecordShop,Thu Apr 21 18:26:49 +0000 2022,-122.35701084,47.62577696,#BrianEno - Here Come the Warm JetsUK Pink Island Label. Graded NM @ $100.Out on #RSD. No Holds. @ Royal Records‚Ä¶ https://t.co/XkvTKScg6p
1517208257034653700,511NY,Thu Apr 21 18:26:51 +0000 2022,-73.442989,41.096606,Cleared: Incident on #I95 NB at 0.93 miles beyond Exit 13 (US 1 (BOSTON POST RD))
1517208258217455616,511NY,Thu Apr 21 18:26:51 +0000 2022,-73.237309,41.164445,Incident on #I95 NB at 0.11 miles beyond Exit 24 (US 1) https://t.co/9MCE7hrwed
1517208259219922944,511NYMidHudson,Thu Apr 21 18:26:52 +0000 2022,-73.517153,42.600559,Closure on #NY66 SB at NY 43 https://t.co/AXuCHdo5vp
1517208261069574146,511NY,Thu Apr 21 18:26:52 +0000 2022,-73.517153,42.600559,Closure on #NY66 SB at NY 43 https://t.co/BAv0qTPT5y
1517208262059466752,JamesPierotti,Thu Apr 21 18:26:52 +0000 2022,-71.216083,42.217378,Final from Westwood HS Scituate 9 Hanover 8 @LacrosseHanover #ChowdaCup @sports_ledger @ScitAthletics‚Ä¶ https://t.co/it1441s0bB
1517208267822227456,RealtaDorchaPDX,Thu Apr 21 18:26:54 +0000 2022,-120.58340150000001,44.1454365,@AaronParnas Imma say this to both sides. You don‚Äôt know Jack and/or Shit until the polls are closed and the votes‚Ä¶ https://t.co/aHhKpq59ub
1517208269147688962,shannonmchargue,Thu Apr 21 18:26:54 +0000 2022,-120.882482,47.273022,@LucasCoug @WSUCougarFB Don‚Äôt tell me that!  I am adding 2 and need it to work so I can snag a couple more 104‚Äôs!!!
1517208269437104128,EAS_paleo,Thu Apr 21 18:26:54 +0000 2022,-122.3306025,47.614817,Consider @burkemuseum for your next collections visit!
1517208273337860096,CashWalken,Thu Apr 21 18:26:55 +0000 2022,-73.393711,41.369403500000004,When they ask how I‚Äôm a Knicks fan‚Ä¶ Moments like this are what I respond with. I was 12 years old when this happene‚Ä¶ https://t.co/h0mArlzxs7
1517208282749939713,olsonmanny,Thu Apr 21 18:26:57 +0000 2022,-72.7872745,41.679872,At least I‚Äôll be moving out of CT knowing who my REAL friends are
1517208302773587973,MaryannDonie,Thu Apr 21 18:27:02 +0000 2022,-71.0543155,42.4574135,@jbkroetz @Theresaroets911 I have not either.
1517208306799980544,Rimroot,Thu Apr 21 18:27:03 +0000 2022,-120.882482,47.273022,"@CarlosGSmith @mrspanhead Good, better, best Trouble!"
1517208317453643776,CTDOT_Statewide,Thu Apr 21 18:27:05 +0000 2022,-72.491829,41.292931,Cleared: Road Work - WESTBROOK #I95 North at Exit 64 (RTE 145 (HORSE HILL RD)) at 4/21/2022 2:27:02 PM
1517208323480772609,ittydance,Thu Apr 21 18:27:07 +0000 2022,-71.0887125,42.3136695,"You already know. #NowPlaying ""Lord Willin'"" by Clipse on @TIDAL https://t.co/nPIJFsxRrw"
1517208328732131331,hraza5991,Thu Apr 21 18:27:08 +0000 2022,-72.757385,41.500753,#Accountability for judges must
1517208367089000451,ohsoash26,Thu Apr 21 18:27:17 +0000 2022,-75.77004099999999,42.746617,Fallback game like KDüèåüèæ‚Äç‚ôÄÔ∏èüîù https://t.co/Nxnq3uDKEL
1517208369047773186,Cre8iveCalfuray,Thu Apr 21 18:27:18 +0000 2022,-71.0565,42.3577,"Just posted a photo @ Boston, Massachusetts https://t.co/jSyXng4yeL"
1517208402161811456,ABigThingBadly,Thu Apr 21 18:27:26 +0000 2022,-72.731526,41.685889,@JoePetrusky @fcfkodfc Yes absolutely you can mint one of the remaining @FCFBallerz for GCG right now for the best‚Ä¶ https://t.co/f7VekqXk9A
1517208428598419456,Mikeyhannon55,Thu Apr 21 18:27:32 +0000 2022,-71.2336905,42.060649,2-0 Toronto and Bichette steals 2nd on an errant Vazquez throw. #RedSox
1517208430498304000,bassah_sage,Thu Apr 21 18:27:32 +0000 2022,-117.079576,47.663557499999996,@cartainst @luiskapx I'd smash that little ass
1517208432444514307,AlpineLakes,Thu Apr 21 18:27:33 +0000 2022,-120.882482,47.273022,@BaddCompani @DenbySister ... spider sense tingling today
1517208435623796736,jessicaevxlynh,Thu Apr 21 18:27:34 +0000 2022,-122.3306025,47.614817,i‚Äôm about to beat this mf up https://t.co/fMhAG9Hghk
1517208438203248640,wagsM617,Thu Apr 21 18:27:34 +0000 2022,-71.0887125,42.3136695,@erikhaan @GlennDOrdway Ofc there‚Äôs more to it than what the Sox are letting ppl know.
1517208458860417025,JoeShow68347212,Thu Apr 21 18:27:39 +0000 2022,-71.02134,42.256124,@jeffwb2 @Socialpotato38 @7News You have the kings news media pages! https://t.co/VJ6PGNM233
1517208461204811776,rodneylynn1977,Thu Apr 21 18:27:40 +0000 2022,-122.2317885,47.9599495,@cinnamonsports Cmon you care üòÄ
1517208462106669056,HonkeyHero18,Thu Apr 21 18:27:40 +0000 2022,-120.58340150000001,44.1454365,@BulgingGreer @leonscout3 @HormoneHangover Its because Islam is of the devil and it sucks balls.
1517208479529943040,PhotoAmy33,Thu Apr 21 18:27:44 +0000 2022,-73.396371,41.46737,@jawsrecliner @lyft Not sure what that means ..
1517208493157236736,jamesmichaelb16,Thu Apr 21 18:27:47 +0000 2022,-72.524305,41.7769225,@PoloTheDame Need more practice with this ruger and wanna look at buying another one
1517208510869635072,tmj_BOS_adm,Thu Apr 21 18:27:52 +0000 2022,-71.2289641,42.4430372,"See our latest #Lexington, MA #IT job opportunity and click the link in our bio to apply: Sr Data Architect at Fresenius Medical Care"
1517208534479360000,Anirudhmech,Thu Apr 21 18:27:57 +0000 2022,-121.84434949999999,47.526913,The worst dem since Dixiecrats
1517208538904510464,AngelsGuestList,Thu Apr 21 18:27:58 +0000 2022,-75.77004099999999,42.746617,@DrewRoberts @Web3Journey @BoredApeYC @BoredElonMusk Awesome üëç https://t.co/8dGprplGBo
1517208547678842882,tmj_MA_LABOR,Thu Apr 21 18:28:00 +0000 2022,-71.2356113,42.3764852,Looking to score a job at The Westin Waltham? You're in luck. Click the link in our bio for the job description and‚Ä¶ https://t.co/tD8oXwXb0f
1517208547892744192,tmj_sea_labor,Thu Apr 21 18:28:00 +0000 2022,-122.2334664,47.9417388,"Interested in a job in #Everett, WA? This could be a great fit. Click the link in our bio to apply: Warehouse Assoc‚Ä¶ https://t.co/G1qTOQB889"
1517208548010307585,A_TypicalQueer,Thu Apr 21 18:28:00 +0000 2022,-71.046031,42.345699,üìç PAX East ‚ú® https://t.co/CZk23bSZn7
1517208554746306561,DebtPetective,Thu Apr 21 18:28:02 +0000 2022,-71.0887125,42.3136695,@communistdaddie Just reference Musk all day save them some time
1517208556759658500,_RadicalReality,Thu Apr 21 18:28:02 +0000 2022,-73.006788,41.565091,"Many of you have demanded me to come to Panera Bread.I‚Äôm here, you‚Äôre welcome! https://t.co/rctTEqwgia"
1517208563898269696,AishaStaggers,Thu Apr 21 18:28:04 +0000 2022,-72.9209165,41.39347,@dmsrblog @nazzpuller I believe I have an extra.
1517208584286728192,straitarrow10,Thu Apr 21 18:28:09 +0000 2022,-120.882482,47.273022,Achtung. DeSantis is just a regular fella. That's what they said about Hitler and look at what happened.
1517208590716657664,JoeShow68347212,Thu Apr 21 18:28:11 +0000 2022,-71.02134,42.256124,@jeffwb2 @Socialpotato38 @7News U NEEDüì∑üÜîin Greenland.I'm a free person. MY IDENTITY.The govt can have my address‚Ä¶ https://t.co/xyufF1DZNy
1517208597888966661,runnergirl1211,Thu Apr 21 18:28:12 +0000 2022,-71.4356815,42.305097,ü§£üòÇüòÖ‚Ä¶ hey Big Ed‚Ä¶ can we make a deal? Will you let the Deep State confiscate ALL your electronic devices‚Ä¶ we‚Äôll do a‚Ä¶ https://t.co/YrATyJJZUR
1517208598853603328,TownAndField,Thu Apr 21 18:28:12 +0000 2022,-71.683502,42.036939000000004,@laurenboebert Take some time for self care. https://t.co/RF1JeWeIHQ
1517208644487630848,peacesamm_,Thu Apr 21 18:28:23 +0000 2022,-71.112377,42.3781975,I was stopped in the yard for a TikTok and I was so ready to tell them I was listening to P Power by Gunna üò≠ instea‚Ä¶ https://t.co/eE1yU08jdk
1517208671633260544,tominsalem,Thu Apr 21 18:28:30 +0000 2022,-70.9075225,42.515052,"@hankymckburner @DownScreenMan @JonRothstein Oh, you're an exavior fan. That explains it."
1517208677408645126,NotThatChickNan,Thu Apr 21 18:28:31 +0000 2022,-120.882482,47.273022,@DestryBrod @ThatChickNan Thank you?
1517208686644523012,QuickestTempa,Thu Apr 21 18:28:33 +0000 2022,-122.4269055,47.0895845,"Simple Five Step Skincare Routine for Men + Women | Aesop, Farmacy, OLEH... https://t.co/k4yabzL42V via @YouTube"
1517208708434046976,VicsMovieDen,Thu Apr 21 18:28:39 +0000 2022,-75.77004099999999,42.746617,"@BatQuinn5801 No, I don't believe the PS4 plays UHD blu's. I have a separate LG player and a Samsung 4K smart TV. I‚Ä¶ https://t.co/mOM0bL3y4J"
1517208713236561921,SMDench,Thu Apr 21 18:28:40 +0000 2022,-71.4167745,41.955858500000005,"Power is released to support definiteness of purpose, and is constantly renewed by faith, it becomes an irresistibl‚Ä¶ https://t.co/GTvPhm5ZCt"
1517208725311959041,MaryannDonie,Thu Apr 21 18:28:43 +0000 2022,-71.0543155,42.4574135,@mentalcasemama Yup! I saw the word before the face.
1517208731259441152,Willhall1968,Thu Apr 21 18:28:44 +0000 2022,-122.2046,47.9792,"Just posted a photo @ Everett, Washington https://t.co/sRX9dbowwZ"
1517208736611201024,QuickestTempa,Thu Apr 21 18:28:45 +0000 2022,-122.4269055,47.0895845,@manmanatl Shit staged
1517208746291699712,lifeinrewind,Thu Apr 21 18:28:48 +0000 2022,-122.2405945,47.853083,@WittyNameHere4 @Ten0fDiamonds @JimSwain37 @StoneLarry Damn! Nice work!
1517208752793047041,KPWarriorsAT,Thu Apr 21 18:28:49 +0000 2022,-71.3322105,42.059204,After 1 KP 3 Nipmuc 0Viscusi takes the hill. Pop-out in foul ground to Sencaj. Viscusi gets his first K. Pop-out t‚Ä¶ https://t.co/gg4Ym6QchV
1517208757125607424,tmj_RI_it,Thu Apr 21 18:28:50 +0000 2022,-71.5157254,41.9133729,"Nervous to apply for a job like ""Technical Support Representative"" at CVS Health? Apply even if you're not a 100% m‚Ä¶ https://t.co/m1nBXtWcsD"
1517208764742619139,joanneborzakian,Thu Apr 21 18:28:52 +0000 2022,-71.19867049999999,42.22117299999999,@debbiwtaylor @KeithSmithNBA @jaytatum0 Thank you Debbi! Happy to have been a small part in ‚ÄòThe energy is about to‚Ä¶ https://t.co/eevPKKIKbj
1517208765996666881,JoeShow68347212,Thu Apr 21 18:28:52 +0000 2022,-71.02134,42.256124,"@jeffwb2 @Socialpotato38 @7News @FBI @NFL Play United States of America.üõ°Ô∏èSecurity code. U would need THAT!""‚Ä¶ https://t.co/TX8EFo6f38"
1517208825790701571,WWPCareers,Thu Apr 21 18:29:07 +0000 2022,-122.4442906,47.2528768,"Can you recommend anyone for this job? Adventure Based Mental Health Specialist - https://t.co/UzQZc7Mtg7 #HealthWelfare #Tacoma, WA"
1517208827048955907,byron_leftwich,Thu Apr 21 18:29:07 +0000 2022,-71.4218325,41.817084,"@jemelehill Girl,you from a black woman,that lived in Detroit.Hell,that raised you in Detroit .Your name is Resilie‚Ä¶ https://t.co/4bBnfQCFFs"
1517208831599648768,LatanaPowell,Thu Apr 21 18:29:08 +0000 2022,-122.455344,47.242960499999995,"Yes, I'm, The Queen of The Damned https://t.co/dOwK8ZgrZR"
1517208854957756416,MattGHall,Thu Apr 21 18:29:14 +0000 2022,-122.3306025,47.614817,"@JoeVeyera there were 11,500 people if you ask me"
1517208859542102016,TimFromPuyallup,Thu Apr 21 18:29:15 +0000 2022,-122.5355625,47.6476145,Fixed. https://t.co/Qo0WXa8Y9a
1517208862666940416,Barbara1313,Thu Apr 21 18:29:15 +0000 2022,-71.4849735,42.537946,@JasonGancedo Ate alot of trout in my childhood. Good for you free dinner.
1517208863430168576,NotThatChickNan,Thu Apr 21 18:29:16 +0000 2022,-120.882482,47.273022,@DestryBrod @ThatChickNan *googling
1517208864558616576,joanneborzakian,Thu Apr 21 18:29:16 +0000 2022,-71.19867049999999,42.22117299999999,@ZMiajee @KeithSmithNBA @jaytatum0 Thank you! üíö‚òòÔ∏è Happy to have been a small part in ‚ÄòThe energy is about to shift‚Äô‚Ä¶ https://t.co/5TOWRZcHuI
1517208871974047744,Rimroot,Thu Apr 21 18:29:18 +0000 2022,-120.882482,47.273022,"@GaddyTam12ge @mrsstarr2011 @FeistyLibLady End monopolies, enforce the laws against them!"
1517208874083766272,xtomlongx,Thu Apr 21 18:29:18 +0000 2022,-122.455344,47.242960499999995,"@Pennywise on Tuesday, @devindude420 is performing tonight, and @SkatingPolly on Saturday. What a banger week for s‚Ä¶ https://t.co/kausSbBa8r"
1517208882921152512,AustinOwens2020,Thu Apr 21 18:29:20 +0000 2022,-122.123257,47.500792,"When I tell you to get an iced drink today, I really mean it üòà come hang out with me today before 3PM!!‚Ä¶ https://t.co/I6kLLgbGNb"
1517208886998192128,Jmadden1632,Thu Apr 21 18:29:21 +0000 2022,-71.683502,42.036939000000004,Penn transfer Bryce Washington has committed to Hofstra.
1517208893012811780,dhinchcliffe,Thu Apr 21 18:29:23 +0000 2022,-71.0887125,42.3136695,‚ÄúI think #IT is going to evolve. The younger generation is getting to #leadership. What you're going to find is tha‚Ä¶ https://t.co/EbFqDPVHWu
1517208897559347200,ObornyThomas,Thu Apr 21 18:29:24 +0000 2022,-71.3543305,42.2855835,@Soraiax69 This is a crazy question because this is like an open statement üò≥ what you want don't you think soüôÇüåπ
1517208905230692352,rakune,Thu Apr 21 18:29:26 +0000 2022,-122.194398,47.481598,@chancehusky91 Nice! The bike looks good too! üòÅ
1517208908913266688,jpfwa,Thu Apr 21 18:29:26 +0000 2022,-119.20031,46.255303,@senatorshoshana Bluecheck Senator from East Virginia only drinks instant coffee. #TastersChoice
1517208913954975745,VicsMovieDen,Thu Apr 21 18:29:28 +0000 2022,-75.77004099999999,42.746617,"@Linama_garcia Right? This one really pops! Very inventive. Glad you like it, Lina üëçüèΩ"
1517208933236051969,McneilWebster,Thu Apr 21 18:29:32 +0000 2022,-122.192819,47.813015500000006,@D7_Reed Got some in Seattle DJ!ü§£üò≠
1517208949791105027,SpacebarC,Thu Apr 21 18:29:36 +0000 2022,-71.03771874,42.34863124,Just posted a photo @ Legal Harborside https://t.co/czuZTmgYqk
1517208964081065984,09Mark1,Thu Apr 21 18:29:40 +0000 2022,-71.0887125,42.3136695,@ConservaTex @SonnieJohnson @BreitbartNews I think what she meant to say was because she called out the Rep Party f‚Ä¶ https://t.co/u2MJorr6Na
1517208969118314497,tmj_WAT_UTIL,Thu Apr 21 18:29:41 +0000 2022,-122.2667661,47.3394747,We're hiring! Read about our latest job opening here: Service Sales Representative - First Aid and Safety‚Ä¶ https://t.co/BFTWkFNlP4
1517209003691970560,bikinjack,Thu Apr 21 18:29:49 +0000 2022,-122.455344,47.242960499999995,@JBC_Tweeter @DragonsEyeImage @FCEEVIPER Like a couple bikes I‚Äôve had. Didn‚Äôt even lock them up
1517209004895707136,MrBurks206,Thu Apr 21 18:29:49 +0000 2022,-122.334461,47.307568,@PaPaRome44 They better. Lol if Jrue can‚Äôt do nothing with him they have no other answer. This is when they miss PJ Tucker.
1517209005306920960,TheMY170,Thu Apr 21 18:29:49 +0000 2022,-71.0887125,42.3136695,Me and my boy wumpus @discord #PAXEast https://t.co/q5HV9cS8CY
1517209007861256193,wagsM617,Thu Apr 21 18:29:50 +0000 2022,-71.0887125,42.3136695,@GlennDOrdway @DennisCrowley3 @kirkminshow This statement is 100% accurate.
1517209026299187201,LRM_JLM,Thu Apr 21 18:29:54 +0000 2022,-122.3306025,47.614817,Florida is out of control
1517209040111079424,mikey7811,Thu Apr 21 18:29:58 +0000 2022,-122.7654085,47.039416,@itsAntWright All time shady stuff
1517209051423248384,iwaspoisoned_,Thu Apr 21 18:30:00 +0000 2022,-71.759794,42.5250906,"Lucky Charms - Leominster, Massachusetts - Lucky charms Food Poisoning https://t.co/9AnKOlKLwZ #luckycharms #diarrhea"
1517209054757629953,tmj_sea_transp,Thu Apr 21 18:30:01 +0000 2022,-122.2829161,47.4489305,"Join the United Rentals team! See our latest Service &amp; Maintenance job openings, including ""Equipment Associate"", v‚Ä¶ https://t.co/wjfnkqX8d9"
1517209068598820864,SKCFDispatches,Thu Apr 21 18:30:04 +0000 2022,-122.31523327,47.3243196,"üöëDISPATCH: Medical Aid - Basic Life Support @ BROOKDALE FEDERAL WAY #268, 31002 14TH AVE S #268, FEDERAL WAY.Res‚Ä¶ https://t.co/mF3L3E8VXv"
1517209074169004032,defrogme,Thu Apr 21 18:30:06 +0000 2022,-78.57027778,43.05666667,"Wind 0 mph -. Barometer 30.06 in, Rising slowly. Temperature 52.8 ¬∞F. Rain today 0.10in. Humidity 1%"
1517209078245724161,bassah_sage,Thu Apr 21 18:30:07 +0000 2022,-117.143737,47.664707,@JulioArqueman No that's no true bby
1517209091243978752,kabiejurnes,Thu Apr 21 18:30:10 +0000 2022,-71.050861,42.361916,Lunch here üëÄüçµüêØ https://t.co/7SxldhE6cG
1517209094435876866,FarmsteadKb,Thu Apr 21 18:30:11 +0000 2022,-72.59905779,41.67367336,Just posted a photo @ Killam &amp; Bassette Farmstead - 1098 Main Street https://t.co/ZhovApW3SK
1517209104732737536,MFR561,Thu Apr 21 18:30:13 +0000 2022,-120.58340150000001,44.1454365,@TieDyeMommy @afammusician Oh this is an easy one the constitution and the American way of life=white supremacy and‚Ä¶ https://t.co/4ihse4zkuC
1517209125947592704,nme_boston,Thu Apr 21 18:30:18 +0000 2022,-71.130571,42.358096,#Rock The Main Squeeze at #BrightonMusicHall See Details: https://t.co/x3773GTuB0 https://t.co/EN8lisVfDE
1517209126476025857,captinkirk60,Thu Apr 21 18:30:18 +0000 2022,-122.20543749999999,47.306631,"@AZ_Brittney No, stupidest show on TV."
1517209127881125889,goodzilla__,Thu Apr 21 18:30:19 +0000 2022,-120.58340150000001,44.1454365,Just had an interview for AAA I think it went well but idk wish me well!!!
1517209144289157120,themandalaverse,Thu Apr 21 18:30:23 +0000 2022,-122.3306025,47.614817,@techbubble This is epic üòÇüòÇ
1517209158671605760,tga_tgoodfellow,Thu Apr 21 18:30:26 +0000 2022,-75.77004099999999,42.746617,Join the ICC @JoeBiden okay? Biden should scrap talk of the ‚Äòliberal international order‚Äô - https://t.co/gW5NwlDrQR via @FT
1517209160403746816,jpfwa,Thu Apr 21 18:30:26 +0000 2022,-119.20031,46.255303,@blahdevivre @senatorshoshana Democracy dies in Dark Roast.
1517209161293045760,runnergirl1211,Thu Apr 21 18:30:27 +0000 2022,-71.4356815,42.305097,üòÖüòÇü§£‚ù§Ô∏è ‚Ä¶ call me crazy Big Ed‚Ä¶ but I strongly suspect that you‚Äôre the only one who has NEVER been‚Ä¶ well‚Ä¶ ya know?!
1517209167345430528,JPowersMA,Thu Apr 21 18:30:28 +0000 2022,-71.1839105,42.244598499999995,@GordonEdes @DonOrsillo Very bad look by the Sox!
1517209175335456768,MarJennings,Thu Apr 21 18:30:30 +0000 2022,-73.38552025,41.12681011,Just posted a photo @ INTENSITY https://t.co/YyWaUDPQ6i
1517209194327388161,faieriemoon,Thu Apr 21 18:30:34 +0000 2022,-71.0887125,42.3136695,@Theresaroets911 Hey Tee
1517209206272651265,jessicaevxlynh,Thu Apr 21 18:30:37 +0000 2022,-122.3306025,47.614817,@meliguac thank u my ace üòè
1517209211574562816,connie_lynn12,Thu Apr 21 18:30:39 +0000 2022,-71.098161,42.346422,@NatsandCaps We are enjoying a game too! Cheers! https://t.co/ZIOALpznu2
1517209213965152260,bricksonion,Thu Apr 21 18:30:39 +0000 2022,-77.6204,43.1557,"Thanks a lot Bro #bricksonionhustlesocks#bricksonionsocks @ Rochester, New York https://t.co/6oZZ0OEXzc"
1517209223628734466,RatedXXXRell,Thu Apr 21 18:30:41 +0000 2022,-75.77004099999999,42.746617,@xxnvno @4UrViewinPlezur I‚Äôd swallow ur dick n balls for real.
1517209237339865088,xtomlongx,Thu Apr 21 18:30:45 +0000 2022,-122.455344,47.242960499999995,@SharingLungs @hannabalxx McDonalds fountain drinks hit so hard! Every other fast food chain is trash by comparison.
1517209246709927936,bikinjack,Thu Apr 21 18:30:47 +0000 2022,-122.455344,47.242960499999995,@FCEEVIPER üòÜI can‚Äôt unsee it now
1517209252938412032,NotThatChickNan,Thu Apr 21 18:30:48 +0000 2022,-120.882482,47.273022,@DestryBrod @ThatChickNan I can see that- thanks.
1517209258034671619,Jmadden1632,Thu Apr 21 18:30:50 +0000 2022,-71.683502,42.036939000000004,Indiana State transfer Nick Hittle has committed to Southern Indiana.
1517209260026957827,MaryLeachTweets,Thu Apr 21 18:30:50 +0000 2022,-71.204591,42.505534499999996,@lilredlizzie They won‚Äôt.
1517209264137424896,BuckTurgedson,Thu Apr 21 18:30:51 +0000 2022,-71.3070005,41.5403895,"@RepAndyBiggsAZ Which snarky staffer found this for you?  And‚Ä¶ you posted it?  Tell us what communism is, SFB, because you have no idea‚Ä¶"
1517209276636352513,Guac_Papi,Thu Apr 21 18:30:54 +0000 2022,-73.12620899999999,41.207828,Trying to manifest new ways to be completely unhinged on the TL
1517209281933762561,JesseSimonelli,Thu Apr 21 18:30:55 +0000 2022,-70.9963275,42.4192015,I'm A Withered Bustout Poker Player But Someone Please Explain to Me Why Everyone Is Talking About Grand Theft Auto‚Ä¶ https://t.co/4OtSzVxVvJ
1517209285696098305,lenhinds,Thu Apr 21 18:30:56 +0000 2022,-72.66277,41.6993245,@unrulyking00 @gyaigyimii @ChelseaFC Go put Eto in the Primer League HOF!! This is about DD not Eto!!
1517209296462921729,FtAssKellyPrice,Thu Apr 21 18:30:59 +0000 2022,-71.0887125,42.3136695,I just saw the drag race Uk season 4 cast and I‚Äôm gagged
1517209298010472448,BMeece92,Thu Apr 21 18:30:59 +0000 2022,-122.061771,47.67881250000001,üêê back to do üêê type shit
1517209319384784896,Siarl1950,Thu Apr 21 18:31:04 +0000 2022,-71.43666999999999,41.6989405,@Will37178568 @briantylercohen They are allowing it to continue and elected the people who are doing it. They are u‚Ä¶ https://t.co/LUcqBXqt0Z
1517209335327244292,RHamilton75,Thu Apr 21 18:31:08 +0000 2022,-71.206681,42.427373,Terrarium building. https://t.co/SU8Bq1wCox
1517209353819881474,tmj_WA_secure,Thu Apr 21 18:31:12 +0000 2022,-122.3320708,47.6062095,Looking to score a job at Allied Universal? You're in luck. Click the link in our bio for the job description and i‚Ä¶ https://t.co/vTv9uC0g43
1517209369624006656,ortizee21ios08,Thu Apr 21 18:31:16 +0000 2022,-119.2796615,46.2581775,.@SecYellen and other finance ministers walk out of G20 meeting as #Russia speaks https://t.co/WUH9lvkiOD‚Ä¶ https://t.co/qlW1KpBzjC
1517209388255113216,BigBlueWW,Thu Apr 21 18:31:21 +0000 2022,-118.3210685,46.064640499999996,"We just extended our ticket sales another day, so if you would still like to get yourself a ticket for Saturday's F‚Ä¶ https://t.co/47zpcKFkUH"
1517209401727361029,RyanM505,Thu Apr 21 18:31:24 +0000 2022,-71.683502,42.036939000000004,The offense is a major problem for the Sox. They are supposed to have one of the best lineups in baseball. They rig‚Ä¶ https://t.co/1EmXs7cNOf
1517209406747860996,faieriemoon,Thu Apr 21 18:31:25 +0000 2022,-71.0887125,42.3136695,@Theresaroets911 I haven't. And could care less.
1517209419959967744,iwaspoisoned_,Thu Apr 21 18:31:28 +0000 2022,-70.7197342,41.7614511,"Lucky Charms - Wareham, Massachusetts - Lucky charms cereal Food Poisoning https://t.co/nOTLD3z6x8 #luckycharms #nausea #diarrhea #vomiting"
1517209420865843200,LatanaPowell,Thu Apr 21 18:31:28 +0000 2022,-122.455344,47.242960499999995,"Yes, I'm Queen Lunar https://t.co/aHP2FXICSz"
1517209426037559296,joanneborzakian,Thu Apr 21 18:31:30 +0000 2022,-71.19867049999999,42.22117299999999,@DickBenedict @KeithSmithNBA @jaytatum0 I‚Äôm doing ok thank you! Happy to have been a small part in ‚ÄòThe energy is a‚Ä¶ https://t.co/jMb564uQ7U
1517209432475811840,CashWalken,Thu Apr 21 18:31:31 +0000 2022,-73.393711,41.369403500000004,@CallMeRaceHorse Appreciate you brotha
1517209443737509889,elpiqui,Thu Apr 21 18:31:34 +0000 2022,-71.11939,42.35201,Just posted a photo @ Paradise Rock Club https://t.co/neBKZrU3Kd
1517209456014098432,bassah_sage,Thu Apr 21 18:31:37 +0000 2022,-117.143737,47.664707,"@levipeachx Wow. I stay horny looking on here at guys like this,,wow. You can have my ass"
1517209463555567616,GerryHaas,Thu Apr 21 18:31:39 +0000 2022,-70.95940049999999,42.118502500000005,@EmilyLCarney I always thought it was cool that the vote to build shuttle was announced as Young was walking on moo‚Ä¶ https://t.co/p4AZkseWZD
1517209482576773120,CTDOT_District1,Thu Apr 21 18:31:43 +0000 2022,-72.649199,41.715984,Cleared: Disabled Vehicle - WETHERSFIELD #I91 South at Exit 26 (GREAT MEADOW RD) at 4/21/2022 2:31:02 PM
1517209482597654528,CTDOT_Statewide,Thu Apr 21 18:31:43 +0000 2022,-72.649199,41.715984,Cleared: Disabled Vehicle - WETHERSFIELD #I91 South at Exit 26 (GREAT MEADOW RD) at 4/21/2022 2:31:02 PM
1517209485726547969,jonaweenie,Thu Apr 21 18:31:44 +0000 2022,-122.194398,47.481598,her smile is contagious ü•πüíó‚ú® https://t.co/Wi5ZD4VZbO
1517209495801409536,UhKneeSeeYa,Thu Apr 21 18:31:46 +0000 2022,-71.112377,42.3781975,Wow look at us @KelSamLiz ü•≤ https://t.co/26rcXaBXVm
1517209503443337217,RebeccaRuth_,Thu Apr 21 18:31:48 +0000 2022,-71.683502,42.036939000000004,It‚Äôs my #birthday today. I‚Äôm 41 years #old. I don‚Äôt feel #FortyOne yet. I don‚Äôt want to #age I‚Äôm not very good at t‚Ä¶ https://t.co/NdO4AGP2ur
1517209521877184512,aaliyyaahh_,Thu Apr 21 18:31:53 +0000 2022,-122.5243325,45.6831065,this tour is gonna be amazing! and I can‚Äôt wait
1517209547030646787,VicsMovieDen,Thu Apr 21 18:31:59 +0000 2022,-75.77004099999999,42.746617,"@BatQuinn5801 For new releases I go for 4K. But only certain titles I upgrade. Like I upgraded my Indy movies, the‚Ä¶ https://t.co/31Oe2HRXF2"
1517209580014604293,bowman1951,Thu Apr 21 18:32:06 +0000 2022,-71.2786385,42.299398,@MarissaMeleske Not when those services will be shifted from Disney to the taxpayers.
1517209588185145346,CTDOT_District3,Thu Apr 21 18:32:08 +0000 2022,-73.345201,41.123218,Cleared: Delays - WESTPORT #I95 South 0.86 miles beyond Exit 18 (SHERWOOD ISLAND CONNECTOR) at 4/21/2022 2:32:02 PM
1517209588088688643,CTDOT_Statewide,Thu Apr 21 18:32:08 +0000 2022,-73.345201,41.123218,Cleared: Delays - WESTPORT #I95 South 0.86 miles beyond Exit 18 (SHERWOOD ISLAND CONNECTOR) at 4/21/2022 2:32:02 PM
1517209591527976960,BWAD88,Thu Apr 21 18:32:09 +0000 2022,-71.4218325,41.817084,Just wanna let @NESN know I'm not watching your bullshit station until you apologize or even knowledge how fucking‚Ä¶ https://t.co/B98QoM8RAr
1517209612927131649,QuickestTempa,Thu Apr 21 18:32:14 +0000 2022,-122.4269055,47.0895845,The internet is crazy loool people really think they know you &amp; try to tell you who you are https://t.co/6ds3LXQVAh
1517209638579572736,RKDProductions,Thu Apr 21 18:32:20 +0000 2022,-117.434547,47.667438,@trashlynnmarie I was sober for this‚Ä¶ ü§∑üèª‚Äç‚ôÇÔ∏è #MorningGlory https://t.co/bOmaNRTLur
1517209697895428096,AngryJackHarlow,Thu Apr 21 18:32:35 +0000 2022,-122.415955,47.1749995,"@beefcake_180 If you think about it, chains really are universal clothing accessory. Goth, Skater, hip hop and lite‚Ä¶ https://t.co/6j0ioDKlig"
1517209699636195329,amybisson,Thu Apr 21 18:32:35 +0000 2022,-71.326858,42.636248,@SmithDryGoods I‚Äôd go full-on Dear Abby: ‚Äúwhy would you feel the need to ask a stranger such a personal question?‚Äù‚Ä¶ https://t.co/LO8ymim0vh
1517209701171167233,ZekeGary2,Thu Apr 21 18:32:35 +0000 2022,-120.882482,47.273022,Very well stated Stephen and the major reason @LeaderMcConnell @GOPLeader Kevin McCarthy &amp; @GOPChairwoman need repl‚Ä¶ https://t.co/ztp2RQUqdt
1517209712047108096,anniwithoutane,Thu Apr 21 18:32:38 +0000 2022,-71.0887125,42.3136695,@GametoGrow I saw your panel. The one thing I wanted to ask (I don‚Äôt have the breath to do it in voice) is that are‚Ä¶ https://t.co/rnU3s2gOXR
1517209726299353088,LockDownAL_,Thu Apr 21 18:32:41 +0000 2022,-72.27397500000001,41.818713,Whats the shape of Italy?
1517209753767886857,TownAndField,Thu Apr 21 18:32:48 +0000 2022,-71.683502,42.036939000000004,"@Roshan_Rinaldi In time of anti science, this is absolutely necessary."
1517209761481170944,HowNeilFeels,Thu Apr 21 18:32:50 +0000 2022,-71.5461325,41.975885500000004,@NotBrianKamler The sweater tied at the waist ü§¢ü§¢ü§¢
1517209798965547008,lifeinrewind,Thu Apr 21 18:32:59 +0000 2022,-122.205946,47.773496,@NucksNBirds This is why I just go to my friend who has her own salon. I'm supporting her business and I don't get ripped off
1517209807828123649,tmj_ctg_adv,Thu Apr 21 18:33:01 +0000 2022,-72.7228293,41.6972996,"Don't submit then quit. Apply for jobs like ""PRODUCT / EVENT DEMONSTRATOR - PART TIME"" at CROSSMARK, then look for‚Ä¶ https://t.co/HY5ssxJOr0"
1517209819274432517,fg_turtle,Thu Apr 21 18:33:03 +0000 2022,-71.0887125,42.3136695,Why would you piss off Mike Tyson?
1517209819454873603,CTDOT_District3,Thu Apr 21 18:33:04 +0000 2022,-72.812094,41.489654,Cleared: Road Work - WALLINGFORD #RT15 South 0.36 miles beyond Exit 66 (RTE 5) at 4/21/2022 2:33:02 PM
1517209819584909315,CTDOT_Statewide,Thu Apr 21 18:33:04 +0000 2022,-72.812094,41.489654,Cleared: Road Work - WALLINGFORD #RT15 South 0.36 miles beyond Exit 66 (RTE 5) at 4/21/2022 2:33:02 PM
1517209823607021570,SpeenerMan,Thu Apr 21 18:33:05 +0000 2022,-122.11002350000001,47.4851855,@0x_fxnction Bling bling fam üíé https://t.co/PqPHgqy13l
1517209830389428225,HowNeilFeels,Thu Apr 21 18:33:06 +0000 2022,-71.5461325,41.975885500000004,@USYNT @USMNT The sweater around the waist ü§¢ü§¢ü§¢
1517209840107491329,cpschaber,Thu Apr 21 18:33:08 +0000 2022,-122.3306025,47.614817,@erecasner @SeattleSonics The Glove!
1517209848408027136,tmj_ctg_retail,Thu Apr 21 18:33:10 +0000 2022,-72.6714596,42.2800681,"Want to work at CVS Health? We're hiring in Easthampton, MA! Click the link in our bio for details on this job and‚Ä¶ https://t.co/eupx6pltyJ"
1517209849263656960,tmj_SEA_skltrd,Thu Apr 21 18:33:11 +0000 2022,-122.2020794,47.9789848,"Have you ever had a role like ""Front Counter / Service Agent / Part Time""? What did you like most about that job? #SkilledTrade #Everett, WA"
1517209849422958592,tmj_ctm_it,Thu Apr 21 18:33:11 +0000 2022,-73.4592701,41.1173012,"Can you recommend anyone for this #IT job in Norwalk, CT? Click the link in our bio to see it and more. IAM Enginee‚Ä¶ https://t.co/wDcV2ULQrw"
1517209854762487811,Alissajh,Thu Apr 21 18:33:12 +0000 2022,-72.7828595,41.331505,Thank you! I'm at my maximum following so I can't add more yet!
1517209881844981760,calvinnoooo,Thu Apr 21 18:33:18 +0000 2022,-71.0887125,42.3136695,@YotdJosh üò≠üò≠üò≠üò≠üò≠ his face bra
1517209886043648002,daveseeley430,Thu Apr 21 18:33:19 +0000 2022,-75.77004099999999,42.746617,Just a 1/2 hour in and we‚Äôve already had about 100 job seekers. Thanks to all our participating businesses &amp; for ou‚Ä¶ https://t.co/075GufFw1g
1517209893731590144,tmj_rip_acct,Thu Apr 21 18:33:21 +0000 2022,-71.4705956,41.9913195,"Have you ever had a role like ""Procurement IT Contracts Director""? What did you like most about that job? #Accounting #Cumberland, RI"
1517209903638917121,SKCFDispatches,Thu Apr 21 18:33:24 +0000 2022,-122.29285656,47.26122915,"üö® üî•DISPATCH: Automatic Fire Alarm @ 38000 31ST CT S, AUBURN.Responding Dept: South KingUnit(s): E361#Southkingfire #SouthKing"
1517209906931277826,mrrazorx,Thu Apr 21 18:33:24 +0000 2022,-73.022108,41.5665785,"@CaitlinMFrancis @WFSBnews Beautiful smile, gorgeous eyes üòç"
1517209913340030976,bonnevivante,Thu Apr 21 18:33:26 +0000 2022,-122.3306025,47.614817,"@seattletimes Whenever I ride by it on the @kcmetrobus number 3 or 4, I try to snap a photo. I love that building.‚Ä¶ https://t.co/veSkxSy4IB"
1517209935372824576,kuhlcat,Thu Apr 21 18:33:31 +0000 2022,-71.2136825,42.3253925,This speaks to me right now‚Ä¶
1517209937637781506,dmob333412,Thu Apr 21 18:33:32 +0000 2022,-71.098161,42.346422,"@skennedysox @TheGregHillShow @FelgerAndMazz Hey Sam, what‚Äôs going on?‚Ä¶75 people in lines around the park for a hot‚Ä¶ https://t.co/ZGfiyYJu3M"
1517209949314732032,realsoberlatina,Thu Apr 21 18:33:34 +0000 2022,-72.9291585,41.298394,Who thinks Tomi Lahren is a sleazy attention seeking narcissistic sack of horse shit?
1517209952485527552,LakishaAustin,Thu Apr 21 18:33:35 +0000 2022,-71.0887125,42.3136695,Starve your distractions. Feed your focus. #BETonSELF
1517209953399980034,migueroa03,Thu Apr 21 18:33:35 +0000 2022,-71.0887125,42.3136695,@ICarlySpencer__ He does lol I ain‚Äôt gonna lie
1517209961515814912,SpeenerMan,Thu Apr 21 18:33:37 +0000 2022,-122.11002350000001,47.4851855,@miketimashov @soldiamondheads @hyperspacexyz @danger_valley @DeGodsNFT Welcome to the bling bling fam üíé https://t.co/3NND4XkrBR
1517209977005346816,QuickestTempa,Thu Apr 21 18:33:41 +0000 2022,-122.4269055,47.0895845,@KhoDysseus @GotFights Send me the first
1517209987499446272,lifeinrewind,Thu Apr 21 18:33:44 +0000 2022,-122.205946,47.773496,@wofflez @rooter1973 @Mikeak01 @rwpmlj @StoneLarry Same type called wearing a mask during covid outbreaks living in fear lol
1517209991815573505,Turducking_,Thu Apr 21 18:33:45 +0000 2022,-75.77004099999999,42.746617,@MiaMalkova @bhronosFN thanks for blessing the tl
1517209998769594368,_YungPreshhh,Thu Apr 21 18:33:46 +0000 2022,-122.4269055,47.0895845,This mf almost crashed trying to break his neck lookin at me. like boy focus on the road plz ü´£
1517209999478456320,kindareally_j,Thu Apr 21 18:33:46 +0000 2022,-122.149768,47.5978565,@isabella_breit thank you !
1517210006353022980,Iamtheko,Thu Apr 21 18:33:48 +0000 2022,-71.0565,42.3577,#MarathonMonday 2022 was full of puppy time and supporting the runners with unbridled enthusiasm. #LoveThisCity‚Ä¶ https://t.co/tU1fsQQKrA
1517210017241387013,BostonTimelaps1,Thu Apr 21 18:33:51 +0000 2022,-71.06077049,42.37636698,Random #bunkerhill timelapse clip of the day! #charlestown #boston @bostonNHP https://t.co/pasi5JLZ74
1517210020378677249,MrBurks206,Thu Apr 21 18:33:51 +0000 2022,-122.334461,47.307568,@AirMikeel @isiahbarber That‚Äôs a big ask but we will see. This series got a lot more interesting last night.
1517210027521683465,Psyrosniper,Thu Apr 21 18:33:53 +0000 2022,-71.0887125,42.3136695,POV: @LiquidHbox after Zain registers for a tournament https://t.co/kdnAxzthis
1517210032651255809,joanneborzakian,Thu Apr 21 18:33:54 +0000 2022,-71.19867049999999,42.22117299999999,"@retro_70s @KeithSmithNBA @jaytatum0 @RexChapman Not a block nor a charge, that was a PLAY lol! We call it ‚ÄòThe ene‚Ä¶ https://t.co/wv17Hdlz6v"
1517210045733392385,tateana___,Thu Apr 21 18:33:57 +0000 2022,-75.77004099999999,42.746617,We Go Up does NOT need a remix!
1517210052008030209,AAugust1970,Thu Apr 21 18:33:59 +0000 2022,-71.0887125,42.3136695,@universalhub No more masks!!!
1517210062040805377,511nyAlbany,Thu Apr 21 18:34:01 +0000 2022,-73.762081,42.792413,Cleared: Construction on #I87Northway Both directions from Twin Bridges; Town of Halfmoon; Town of Colonie Line to‚Ä¶ https://t.co/jZJUvBNQSd
1517210064595341312,511NY,Thu Apr 21 18:34:02 +0000 2022,-72.491829,41.292931,Cleared: Construction on #I95 NB at Exit 64 (RTE 145 (HORSE HILL RD))
1517210067799470080,SpeenerMan,Thu Apr 21 18:34:03 +0000 2022,-122.11002350000001,47.4851855,@danger_valley @miketimashov @soldiamondheads Hmmm how about a duck? üíéüëÄ
1517210070341554176,511NY,Thu Apr 21 18:34:03 +0000 2022,-72.662258,41.744275,Updated: Incident on #I91 SB at Exit 27 (AIRPORT RD) https://t.co/4C8K1fhSaY
1517210073629605888,511NY,Thu Apr 21 18:34:04 +0000 2022,-77.818507,43.013447,Cleared: Construction on #NY383 at CR 174
1517210075223441410,511NY,Thu Apr 21 18:34:04 +0000 2022,-73.762081,42.792413,Cleared: Construction on #I87Northway Both directions from Twin Bridges; Town of Halfmoon; Town of Colonie Line to‚Ä¶ https://t.co/axFUtCCLdn
1517210076162973696,511NY,Thu Apr 21 18:34:05 +0000 2022,-73.952531,40.851759,Cleared: Special Event on #GeorgeWashingtonBridge WB at Mid-Span
1517210089534459905,KFairhurst2022,Thu Apr 21 18:34:08 +0000 2022,-71.6873415,42.207817,@GHSFHockey @USAFieldHockey @Grafton_HS @GraftonAD @WCUN1TEDFH @PaceFieldHockey Thanks Coach ü•π
1517210091367264256,BeamMeUpScotee,Thu Apr 21 18:34:08 +0000 2022,-120.58340150000001,44.1454365,"@savannahpeace Aircraft are enclosing spaces, yes?"
1517210095498653696,riotheatherrr,Thu Apr 21 18:34:09 +0000 2022,-122.061771,47.67881250000001,His word means nothing.
1517210100116733953,TownAndField,Thu Apr 21 18:34:10 +0000 2022,-71.683502,42.036939000000004,@nathaliejacoby1 @Mysstyblue Dirty rescue girl. https://t.co/FsRQTiLKex
1517210103509884929,migueroa03,Thu Apr 21 18:34:11 +0000 2022,-71.098161,42.346422,Scoreboard just showed EL DEMENTE bobbing his head. Really weird lol
1517210150595047425,bnrome,Thu Apr 21 18:34:22 +0000 2022,-71.0887125,42.3136695,"Setting that bar high, @harvardmed class of 2025!!"
1517210186443898882,jmsully09,Thu Apr 21 18:34:31 +0000 2022,-71.1654995,42.649235,@V_its_me888 @IngloriousBhere HOLY LEE CRAP. THANK GOD YOU WERE THERE. YOU SAVED THAT DUCKS LIFE
1517210190281551872,QuickestTempa,Thu Apr 21 18:34:32 +0000 2022,-122.4269055,47.0895845,@MisterAssEater Shes in disbelief üòÇüòÇüòÇüòÇ imagine someone telling you your accent is fake. What do you even say back
1517210192366215169,Silkshakes,Thu Apr 21 18:34:32 +0000 2022,-75.77004099999999,42.746617,"@samstein Yes, kinda like the Amazon that was suppose to open in NYC.  Kinda like the employees on a keystone.  Kin‚Ä¶ https://t.co/vQFSJNZM36"
1517210198212956160,shark7862,Thu Apr 21 18:34:34 +0000 2022,-122.455344,47.242960499999995,"@KIRONewsradio Don't bother, grandpa Joe."
1517210201870450689,m6sullys,Thu Apr 21 18:34:35 +0000 2022,-71.103722,42.3954025,@RpsAgainstTrump An absolute Fool !!!
1517210210011602945,AishaStaggers,Thu Apr 21 18:34:37 +0000 2022,-72.9209165,41.39347,"@chris_hawkins @loafersvinyl @RSDUK @BBC6Music Mine, Cutler's, closed in New Haven, CT a few years ago, but I do li‚Ä¶ https://t.co/Oaas9WSyGe"
1517210227057172481,JacobWischoff,Thu Apr 21 18:34:41 +0000 2022,-122.6557945,47.4939445,@eleven_eleven82 @terencecrawford Noooooope!
1517210233319215104,Seasherm,Thu Apr 21 18:34:42 +0000 2022,-122.3306025,47.614817,Wanna go Topless? Check out KarenTangMD's video! #TikTok https://t.co/N8TvZwKQey
1517210294224769024,tildecymbal,Thu Apr 21 18:34:57 +0000 2022,-120.882482,47.273022,i would like to hear a @gjonesbass remix of @Oolacile‚Äôs ‚ÄúHuman Experience‚Äù
1517210324272877572,joanneborzakian,Thu Apr 21 18:35:04 +0000 2022,-71.19867049999999,42.22117299999999,@RenegadesPhunk @KeithSmithNBA @jaytatum0 Thank you! I‚Äôm ok &amp; happy to have been a small part in ‚ÄòThe energy is abo‚Ä¶ https://t.co/74Vq9ukc5N
1517210325774438401,CTDOT_District1,Thu Apr 21 18:35:04 +0000 2022,-72.656362,41.789884,Delays - HARTFORD #I91 South at Exit 33 (JENNINGS RD) at 4/21/2022 2:34:36 PM #cttraffic
1517210325828911106,CTDOT_Statewide,Thu Apr 21 18:35:04 +0000 2022,-72.656362,41.789884,Delays - HARTFORD #I91 South at Exit 33 (JENNINGS RD) at 4/21/2022 2:34:36 PM #cttraffic
1517210332049068032,polarisu,Thu Apr 21 18:35:06 +0000 2022,-71.4218325,41.817084,ngl saw king of the hill and was like https://t.co/7Ufb6LQ7QW
1517210336792924161,CashWalken,Thu Apr 21 18:35:07 +0000 2022,-73.393711,41.369403500000004,I wish they did Melo better man. Organization really let him down.
1517210337832931328,_YungPreshhh,Thu Apr 21 18:35:07 +0000 2022,-122.357576,47.094826499999996,The growing &amp; glowing has been real for me. And I‚Äôm thankful for it. üí´
1517210382892339200,QuickestTempa,Thu Apr 21 18:35:18 +0000 2022,-122.4269055,47.0895845,@KhoDysseus Oh yeah I‚Äôve seen that one. Good scrap
1517210385270464513,RudolphTheGrey1,Thu Apr 21 18:35:18 +0000 2022,-122.302491,47.726612,@_amyjojohnson your sicko daughter is ugly #foxnews @lopezobrador_ @spain fuchila
1517210391591407617,tga_tgoodfellow,Thu Apr 21 18:35:20 +0000 2022,-75.77004099999999,42.746617,"@JustinLSims @FarmerForFLSen If there is one Nazi there, working together, they are all Nazi."
1517210406917447682,HarryAgganis,Thu Apr 21 18:35:24 +0000 2022,-70.953494,42.576595,@Sean_McAdam @John_W_Henry tested positive for being an asshole.
1517210416086138880,ge0rgemcclure,Thu Apr 21 18:35:26 +0000 2022,-73.4409395,41.1562815,"Oh, turns out it was just a glitch in the matrix. The tire was never flat‚Ä¶except it WAS, though. Sheesh. Freaky. Ok‚Ä¶ https://t.co/QMylnFVUFy"
1517210417982066688,ObornyThomas,Thu Apr 21 18:35:26 +0000 2022,-71.3543305,42.2855835,@Soraiax69 Yes I am my name is Thomas 57 and believe that older women all right more experienced in relationshipü§î‚öò
1517210427112841217,mikey7811,Thu Apr 21 18:35:28 +0000 2022,-122.7654085,47.039416,"@GoodmanHoops No tag‚Ä¶.no balls, Goodman."
1517210426664128512,estherbower_tv,Thu Apr 21 18:35:28 +0000 2022,-117.434547,47.667438,Mortgage rates are the highest they‚Äôve been in 10 years per @zillow. How are the hikes affecting the market? What d‚Ä¶ https://t.co/1yyjXWgQdx
1517210437166804994,AAugust1970,Thu Apr 21 18:35:31 +0000 2022,-71.0887125,42.3136695,"@Disney Hahaha get woke, go broke! Don‚Äôt forget to pay your taxes!! #BoycottDisney  @GovRonDeSantis"
1517210442392760320,Doza_LCG,Thu Apr 21 18:35:32 +0000 2022,-122.3306025,47.614817,@markpena They just HAD to use the word ‚Äúprobing‚Äù
1517210496813871105,NotThatChickNan,Thu Apr 21 18:35:45 +0000 2022,-120.882482,47.273022,If they can name Covid variants after Megatron then why can‚Äôt I?
1517210501624725505,ZekeGary2,Thu Apr 21 18:35:46 +0000 2022,-120.882482,47.273022,@NahBabeeNah Lauren is absolutely correct!
1517210543026851841,EvanKirstel,Thu Apr 21 18:35:56 +0000 2022,-71.326858,42.636248,"üê¢ Born in 1832, Jonathan is expected to turn 190 in 2022. This makes him the oldest known land animal alive today!‚Ä¶ https://t.co/YeshLC33Lo"
1517210550970822659,511NY,Thu Apr 21 18:35:58 +0000 2022,-73.345201,41.123218,Cleared: Incident on #I95 SB at 0.86 miles beyond Exit 18 (SHERWOOD ISLAND CONNECTOR)
1517210551759544320,511NYMidHudson,Thu Apr 21 18:35:58 +0000 2022,-73.681732,41.508251,Cleared: Construction on #I84 Both directions from Exit 58 - Ludingtonville Road (CR 43) to Connecticut State Line (I-84)
1517210552539488257,511NYMidHudson,Thu Apr 21 18:35:58 +0000 2022,-73.681732,41.508251,Cleared: Construction on #I84 EB from Exit 58 - Ludingtonville Road (CR 43) to Exit 68A/B (I-84) - Pawling - White Plains (I-684)
1517210556394053636,511NY,Thu Apr 21 18:35:59 +0000 2022,-72.662258,41.744275,Updated: Incident on #I91 SB at Exit 27 (AIRPORT RD) https://t.co/4C8K1fhklq
1517210556800937986,511NY,Thu Apr 21 18:35:59 +0000 2022,-72.649199,41.715984,Cleared: Incident on #I91 SB at Exit 26 (GREAT MEADOW RD)
1517210558491238400,511NY,Thu Apr 21 18:36:00 +0000 2022,-73.681732,41.508251,Cleared: Construction on #I84 Both directions from Exit 58 - Ludingtonville Road (CR 43) to Connecticut State Line (I-84)
1517210559346876417,511NY,Thu Apr 21 18:36:00 +0000 2022,-73.681732,41.508251,Cleared: Construction on #I84 EB from Exit 58 - Ludingtonville Road (CR 43) to Exit 68A/B (I-84) - Pawling - White Plains (I-684)
1517210586647511043,EPAnewengland,Thu Apr 21 18:36:06 +0000 2022,-71.098161,42.346422,Happy #EarthWeek! Thanks Wally and Tessie for having @EPA at the @RedSox #EarthDay game! @fenwaypark #EarthDayAtEPA https://t.co/nNFsUcsYYH
1517210617131720705,SpaceCasinoBand,Thu Apr 21 18:36:14 +0000 2022,-71.80108258,42.27767963,Just posted a photo @ Ralph's Rock Diner https://t.co/bvW1F1QBjH
1517210633413881856,jaz_isnt_cool,Thu Apr 21 18:36:18 +0000 2022,-122.20190500000001,47.680319,@supershungite You haven't been very evil recently supershungite I'm kinda disappointed üòï
1517210632998719488,JBPeterson2007,Thu Apr 21 18:36:17 +0000 2022,-116.97941900000001,46.399266,Hi friends I‚Äôm doing a mental health silence photo challenge for Mental health Month in May I hope you can particip‚Ä¶ https://t.co/NkAitYyR0L
1517210633355243523,DclPodcast,Thu Apr 21 18:36:18 +0000 2022,-122.2317885,47.9599495,Checking out the @OriginalFunko HQ store today. https://t.co/EQhZeeBXhG
1517210634210922500,Whofan70,Thu Apr 21 18:36:18 +0000 2022,-71.2786385,42.299398,@dylan_mostly @suemyassoff At the Chattanooga show there was a young couple that casually showed up at 9:15p. I thi‚Ä¶ https://t.co/Ex7s0JbnQa
1517210636937310211,NWJS_jobs,Thu Apr 21 18:36:18 +0000 2022,-122.325941,47.604727,"We're hiring! See our latest job opening: Applications Manager https://t.co/gGkaPb8UMT Seattle, WA"
1517210637667024896,carolynstearns,Thu Apr 21 18:36:19 +0000 2022,-72.757385,41.500753,@doctorandrewsm2 I think you would appriciate the resilience and kindness of my boy in How Far is Safe? https://t.co/EPlyYBI3Ex
1517210639571296258,joanneborzakian,Thu Apr 21 18:36:19 +0000 2022,-71.19867049999999,42.22117299999999,"@lenberkowitz @KeithSmithNBA @jaytatum0 Haha yes, but happy to have been a ‚Äòsmall‚Äô üòÇ part in ‚ÄòThe energy is about t‚Ä¶ https://t.co/RIY5ZxbozR"
1517210641668395008,EverydaySuperHQ,Thu Apr 21 18:36:20 +0000 2022,-71.4218325,41.817084,@LessOfChickadee Let's do this. Judge me!
1517210664699269120,SjvTesla,Thu Apr 21 18:36:25 +0000 2022,-120.58340150000001,44.1454365,@_bennettm_ @WholeMarsBlog @elonmusk They're the equivalent of https://t.co/Uvh4fnR2O9
1517210666632761344,tsp_pod,Thu Apr 21 18:36:25 +0000 2022,-122.3306025,47.614817,Hopefully she enjoyed it while she can
1517210669728161792,KingZachRenn,Thu Apr 21 18:36:26 +0000 2022,-122.455344,47.242960499999995,"These designs are cute. Maybe they can be Candace, Stacy, and Vanessa‚Äôs relatives."
1517210675185168384,dhinchcliffe,Thu Apr 21 18:36:28 +0000 2022,-71.0887125,42.3136695,‚ÄúDo we need to change the phrase ‚Äòoffice politics‚Äô since work largely doesn't happen in offices anymore.‚Äù - @jcycio‚Ä¶ https://t.co/5l4VrjvaHs
1517210675587653632,ZekeGary2,Thu Apr 21 18:36:28 +0000 2022,-120.882482,47.273022,@NahBabeeNah üòÇü§£üòÖü§£üòÇüòÇü§£ Understatement of the month!
1517210682177073152,jessicaevxlynh,Thu Apr 21 18:36:29 +0000 2022,-122.3306025,47.614817,@meliguac as we should ü§≠
1517210715341217792,HailYourselfFC,Thu Apr 21 18:36:37 +0000 2022,-122.6692365,47.5618015,"@usopencup This is literally why this competition exists, so the ""lower"" teams can show what their made of. It's th‚Ä¶ https://t.co/xq2U5aNBaw"
1517210720076771328,rachel_dz,Thu Apr 21 18:36:38 +0000 2022,-71.0887125,42.3136695,@DGisSERIOUS I guess this guy did not get the memo that Russia is seeking to Denazify Ukraine...
1517210720647192576,DjGhettoHype,Thu Apr 21 18:36:38 +0000 2022,-71.2009,42.194,"Just posted a photo @ Norwood, Massachusetts https://t.co/Q5VfqBQf1E"
1517210728603611136,straitarrow10,Thu Apr 21 18:36:40 +0000 2022,-120.882482,47.273022,He is both.
1517210742302277633,BrandonLive,Thu Apr 21 18:36:44 +0000 2022,-122.3306025,47.614817,"@slye @nesty407 This seems to conflate charging speed/power with voltage, which is confusing/misleading. 800V can p‚Ä¶ https://t.co/WiJH1cJvRX"
1517210750921674752,BigNati0n,Thu Apr 21 18:36:46 +0000 2022,-71.0887125,42.3136695,"@odellfur13 @revolutioncntrl @SeamusMagoo Yeah, I mean wouldn‚Äôt claim that MLS has been a historical overachiever i‚Ä¶ https://t.co/wp0mz50hzK"
1517210759780085763,anddyradio,Thu Apr 21 18:36:48 +0000 2022,-71.0565,42.3577,"420 boston dump. üíöüíñ‚úåüèº @ Boston, Massachusetts https://t.co/Ba5ytCxFbF"
1517210770173485056,TownAndField,Thu Apr 21 18:36:50 +0000 2022,-71.683502,42.036939000000004,"@Complex Of all the people in the world, Tyson should be near the top of the list of people not to fuck with on a plane"
1517210770689339393,bonnevivante,Thu Apr 21 18:36:50 +0000 2022,-122.3306025,47.614817,@MitchSpute A John Graham &amp; Company building. One of the reasons I‚Äôve lived in this neighborhood for over 20 years.‚Ä¶ https://t.co/6tnxlHZrhS
1517210773449228290,Travis_Auty,Thu Apr 21 18:36:51 +0000 2022,-71.497913,41.557321,The life of Lucy. Always finds the ‚òÄÔ∏è https://t.co/PQUtCfrKtl
1517210776808742912,stevesloboda,Thu Apr 21 18:36:52 +0000 2022,-122.5447365,47.215098,"I‚Äôm not saying violence is the answer, but this dude absolutely deserved that beat down. If anything, being OK wear‚Ä¶ https://t.co/RCt02EJamw"
1517210778033700864,Chocobo_Pie,Thu Apr 21 18:36:52 +0000 2022,-71.0887125,42.3136695,Irks me when people act like the pandemic is over and all the lives don't matter
1517210791891456001,realjasonmatias,Thu Apr 21 18:36:55 +0000 2022,-122.133816,47.570353499999996,@GabsCrypto I‚Äôm trying to sell a Raregg but jpg won‚Äôt show the jpg. Wth.
1517210793296637952,wsdot_tacoma,Thu Apr 21 18:36:56 +0000 2022,-122.35419947,47.1578738,Cleared: Road work on SR 512 EB from MP 0 near I-5 to MP 12 near SR 167 NB On-Ramp.
1517210797491068930,joanneborzakian,Thu Apr 21 18:36:57 +0000 2022,-71.19867049999999,42.22117299999999,@BPahlm @KeithSmithNBA @jaytatum0 Thank you! üíöüèÄ‚òòÔ∏è So happy to have been a small part in ‚ÄòThe energy is about to shi‚Ä¶ https://t.co/0rlVjcjCc0
1517210817619501061,josh_french26,Thu Apr 21 18:37:01 +0000 2022,-122.59338299999999,46.961808500000004,@TheGaychel I did a overnight oats strawberry cheesecake flavor. Just before eating put some Graham cracker crumbs‚Ä¶ https://t.co/V6AyS3DLMP
1517210832223973377,BrandonLive,Thu Apr 21 18:37:05 +0000 2022,-122.3306025,47.614817,"@slye @nesty407 This seems to conflate charging speed/power with voltage, which is confusing/misleading. 800V can p‚Ä¶ https://t.co/FvcJUwvQcH"
1517210835701149696,MusePaintbar,Thu Apr 21 18:37:06 +0000 2022,-70.9075225,42.515052,What are your favorite sunset colors to paint? üåû #musepaintbar #paintandsip #sipandpaint #paintparty #paintnight‚Ä¶ https://t.co/9epCndT5N3
1517210840470102020,realflowfficial,Thu Apr 21 18:37:07 +0000 2022,-73.011054,41.363685000000004,That‚Äôs out at YS
1517210849437306880,bricksonion,Thu Apr 21 18:37:09 +0000 2022,-77.6204,43.1557,"Thanks a lot @unique_leshaye #bricksonionhustlesocks#bricksonionsocks @ Rochester, New York https://t.co/CBPmveoI0q"
1517210857834381312,tmj_CTF_secure,Thu Apr 21 18:37:11 +0000 2022,-72.7300945,41.826488,"Career tip for landing jobs like ""Security Officer Distribution"" in Bloomfield, CT. Go on informational interviews.‚Ä¶ https://t.co/SIFUOzdd9C"
1517210858065178627,iwaspoisoned_,Thu Apr 21 18:37:11 +0000 2022,-70.9608099,42.4487941,"Lucky Charms, Walmart - Lynn, Massachusetts - Lucky charms Food Poisoning https://t.co/OsJ1JFv6fo #luckycharms‚Ä¶ https://t.co/2E7NcUgSgU"
1517210865572929540,wtondo,Thu Apr 21 18:37:13 +0000 2022,-71.4218325,41.817084,I thought Hicks pimped that
1517210884661145600,lkearneyish,Thu Apr 21 18:37:17 +0000 2022,-122.3306025,47.614817,‚ÄúThe Asheville quintet has an intuitive understanding of the slacker-rock sound: the guitars squeaking like broken‚Ä¶ https://t.co/l55q3NdcB7
1517210893615910912,rinehar16,Thu Apr 21 18:37:20 +0000 2022,-122.329636,47.614382,The new convention center almost done with 2017 to now https://t.co/5KvOi8OEhd
1517210906903695361,sr_stephanie,Thu Apr 21 18:37:23 +0000 2022,-75.77004099999999,42.746617,"3 plates shipped to DNA sequencing, projects discussed, husband arriving from Spain to a 1-week visit. I'm now read‚Ä¶ https://t.co/RqEhodlnZn"
1517210924976902145,kmurph423,Thu Apr 21 18:37:27 +0000 2022,-71.112377,42.3781975,@DidUDrinkH20 @SetItOff Maxx opening his egg still kills me
1517210969268793346,necaboston,Thu Apr 21 18:37:38 +0000 2022,-71.0887125,42.3136695,We can see our NECA contractors &amp; @IBEW103 electricians from here. Funded &amp; built by @ibew @IBEW103‚Ä¶ https://t.co/xxfbxMm3hn
1517210974561910784,blu30rgy,Thu Apr 21 18:37:39 +0000 2022,-71.112377,42.3781975,@megbatphoto Happy Birthday üôå
1517210979813281792,RiflesRugby413,Thu Apr 21 18:37:40 +0000 2022,-72.64211568,42.13021073,Full day of rugby this Saturday with the Colonial Classic trophy on the line üèâ üèÖ @ Irish Cultural Center of Western‚Ä¶ https://t.co/TGBlVDXHDb
1517211007806017536,joanneborzakian,Thu Apr 21 18:37:47 +0000 2022,-71.19867049999999,42.22117299999999,@FortuneAve @KeithSmithNBA @jaytatum0 Thank you so much ü•∞üíö Happy to have been a small part in ‚ÄòThe energy is about‚Ä¶ https://t.co/snZnAWX93M
1517211029352112133,SimonFreitasPro,Thu Apr 21 18:37:52 +0000 2022,-71.112377,42.3781975,@Sayansh55 Mic rot meet you üòä https://t.co/hvHpyyT14y
1517211038424387587,byron_leftwich,Thu Apr 21 18:37:54 +0000 2022,-71.4218325,41.817084,"@punkgroucho Where does it stop, do we begin tipping the cashier at Target? Tips are for people making below minimu‚Ä¶ https://t.co/rgwuDxfB8Q"
1517211055247835138,511NY,Thu Apr 21 18:37:58 +0000 2022,-72.812094,41.489654,Cleared: Construction on #CT15 SB at 0.36 miles beyond Exit 66 (RTE 5)
1517211067260149760,tmj_WA_EDU,Thu Apr 21 18:38:01 +0000 2022,-122.3215448,47.6338217,"If jobs with titles like ""Director of First Impressions"" sound appealing to you, follow us to hear about these type‚Ä¶ https://t.co/TnDtpS0VbS"
1517211069386698753,tmj_WAT_it,Thu Apr 21 18:38:02 +0000 2022,-122.2170661,47.4828776,"Can you recommend anyone for this #IT job in #Renton, WA? Click the link in our bio to see it and more. Windows/VMware Admin at Cognizant"
1517211070749765633,SKCFDispatches,Thu Apr 21 18:38:02 +0000 2022,-122.21838864,47.3265444,"üöëDISPATCH: Medical Aid - Basic Life Support @ AUBURN MEADOWS #306, 945 22ND ST NE #306, AUBURN.Responding Dept:‚Ä¶ https://t.co/OFJMGliQwD"
1517211071546806275,realflowfficial,Thu Apr 21 18:38:02 +0000 2022,-73.011054,41.363685000000004,"Hold this L, Schefter"
1517211073505546244,jmsully09,Thu Apr 21 18:38:02 +0000 2022,-71.1654995,42.649235,@old_man_sailor I am sure he did. He is Beautiful. Hope you have a Great day as well
1517211095861190656,CTDOT_District3,Thu Apr 21 18:38:08 +0000 2022,-73.035488,41.232949,Other - MILFORD #I95 North 0.29 miles before Exit 40 (OLD GATE LA) at 4/21/2022 2:36:42 PM #cttraffic
1517211095873867777,CTDOT_District1,Thu Apr 21 18:38:08 +0000 2022,-72.774043,41.670263,Cleared: Road Work - NEW BRITAIN #RT9 South at Exit 27 (CHESTNUT ST) at 4/21/2022 2:38:02 PM
1517211095844499464,CTDOT_Statewide,Thu Apr 21 18:38:08 +0000 2022,-72.774043,41.670263,Cleared: Road Work - NEW BRITAIN #RT9 South at Exit 27 (CHESTNUT ST) at 4/21/2022 2:38:02 PM
1517211096637231105,CTDOT_District1,Thu Apr 21 18:38:08 +0000 2022,-72.5895,42.023806,Cleared: Road Work - ENFIELD #I91 South at Exit 49 (US 5) at 4/21/2022 2:38:02 PM
1517211096658198535,CTDOT_Statewide,Thu Apr 21 18:38:08 +0000 2022,-72.5895,42.023806,Cleared: Road Work - ENFIELD #I91 South at Exit 49 (US 5) at 4/21/2022 2:38:02 PM
1517211097429905408,CTDOT_Statewide,Thu Apr 21 18:38:08 +0000 2022,-73.035488,41.232949,Other - MILFORD #I95 North 0.29 miles before Exit 40 (OLD GATE LA) at 4/21/2022 2:36:42 PM #cttraffic
1517211139863728130,goooeydisk,Thu Apr 21 18:38:18 +0000 2022,-75.77004099999999,42.746617,have to get nicks permission to kiss katie fat on the mouth this weekend
1517211141717561345,iwaspoisoned_,Thu Apr 21 18:38:19 +0000 2022,-122.2059833,47.6768927,"Lucky Charms - Kirkland, Washington - Lucky Charms Food Poisoning https://t.co/GOVPHjLIsc #luckycharms #diarrhea"
1517211149887950848,BrandonLive,Thu Apr 21 18:38:21 +0000 2022,-122.3306025,47.614817,"@pmarca Um, what?"
1517211154330025984,tmj_ri_nursing,Thu Apr 21 18:38:22 +0000 2022,-71.5664607,41.87894,"Greenville Center - Genesis HealthCare is hiring in Greenville, RI! Read about our latest #Nursing job opening via‚Ä¶ https://t.co/y8S3pG9L6u"
1517211161028177920,darryl_funaro,Thu Apr 21 18:38:23 +0000 2022,-71.2228915,42.0236825,@RNCResearch This clown is a window licker!!
1517211162219327492,joanneborzakian,Thu Apr 21 18:38:24 +0000 2022,-71.19867049999999,42.22117299999999,@NickProto @KeithSmithNBA @jaytatum0 Thank you! üíö I‚Äôm ok &amp; happy to have been a small part in ‚ÄòThe energy is about‚Ä¶ https://t.co/7USNIETaeK
1517211179730583554,DotBeeCo,Thu Apr 21 18:38:28 +0000 2022,-71.0887125,42.3136695,Happy birthday to our friends @topshelfcookies !!
1517211194813263874,AllenRWaters,Thu Apr 21 18:38:31 +0000 2022,-71.497913,41.557321,@StrangelEdweird @NewsweekOpinion @wrong_speak I am a Republican running for Congress in the RI 1st District runnin‚Ä¶ https://t.co/oGsITyIfkr
1517211200765014017,gadgetsmart,Thu Apr 21 18:38:33 +0000 2022,-73.2587125,42.450811,@simonbs Test Flighter &gt; Pre-Ordered; happy to support your quality product with my Premium upgrade!
1517211204099391488,matthematician,Thu Apr 21 18:38:34 +0000 2022,-71.683502,42.036939000000004,@kooipond Don‚Äôt let it confuse you up! üôè https://t.co/sSeKbUofLt
1517211209824489472,Clim8Resilient,Thu Apr 21 18:38:35 +0000 2022,-123.81294299999999,46.1873455,"@WormMadame Also something you can do anywhere, since you plan to go nomad for a bit."
1517211216325726208,jaeyvette,Thu Apr 21 18:38:37 +0000 2022,-122.7654085,47.039416,@iammikayladavis Yesss love! TikTok be putting me on it‚Äôs really do much to do here that I ain‚Äôt even know about
1517211236664061952,Siarl1950,Thu Apr 21 18:38:41 +0000 2022,-71.43666999999999,41.6989405,"@Jim_Jordan They are trying to be responsible while you are making a pandemic more popular. Jim, you make people si‚Ä¶ https://t.co/WDiDVD0Hs0"
1517211242154233856,terronk,Thu Apr 21 18:38:43 +0000 2022,-122.149768,47.5978565,@AdamNMayer Every time we win. Block and move on. Never mention them again. https://t.co/FiijYtfSoN
1517211254615597056,KryptoAnax,Thu Apr 21 18:38:46 +0000 2022,-71.0899345,42.672666,@pairunoyd @realchrisrufo Something tells me you don't make enough to pay taxes
1517211284814630920,plava1978,Thu Apr 21 18:38:53 +0000 2022,-71.683502,42.036939000000004,@HipHopHistoryGy Jim jones El chapo Album was üî•üî•üî•
1517211291982704651,BruceRowley3,Thu Apr 21 18:38:55 +0000 2022,-71.95685449999999,41.362588,New books and stereo! https://t.co/my4xWg6Gx3
1517211296965357568,LymanDigital,Thu Apr 21 18:38:56 +0000 2022,-122.923516,47.064528,"Happy birthday, Space Needle!"
1517211317114839041,Dragonfire1965,Thu Apr 21 18:39:01 +0000 2022,-122.194398,47.481598,@RepCawthorn I miss when you were a nobody.  And you can thank your pals Putin and you Masters in the oil companies‚Ä¶ https://t.co/lNvu3Y1soU
1517211322676482048,tmj_SEA_schn,Thu Apr 21 18:39:02 +0000 2022,-122.3356196,47.5802366,"Stop staring at the clock every day. It's time for a new career. Follow us to view jobs with titles like ""program m‚Ä¶ https://t.co/80xeuwyVe8"
1517211333560729600,_YungPreshhh,Thu Apr 21 18:39:05 +0000 2022,-122.357576,47.094826499999996,"Not my ew ex, nasty roommates friend acting like he knows me. ü§£ sir bye I‚Äôve known you for 182 days lmaooo"
1517211346550812672,Slithium3,Thu Apr 21 18:39:08 +0000 2022,-71.0887125,42.3136695,@kekwut2 @cersia_ No I'm standing up at the right
1517211361608146951,LibrarianKPfeff,Thu Apr 21 18:39:11 +0000 2022,-73.11397600000001,41.824678,@thegyth @excusemereading Thank you for the opportunity!
1517211363147497474,runnergirl1211,Thu Apr 21 18:39:12 +0000 2022,-71.4356815,42.305097,ü§£üòÇüòÖ ‚Ä¶ just a reminder‚Ä¶ it‚Äôs your guy wearing the Big Boy diapers‚Ä¶ and he so clearly has the ‚Äú runs‚Äù‚Ä¶ all day‚Ä¶ every‚Ä¶ https://t.co/ps6VTydUHI
1517211369833123841,VicsMovieDen,Thu Apr 21 18:39:13 +0000 2022,-75.77004099999999,42.746617,RUNAWAY (1984)Directed by Michael CrichtonHave you seen this film from 1984? What are your thoughts? #FilmTwitter https://t.co/o0Dr1CUlQ4
1517211372186124290,cheriann11,Thu Apr 21 18:39:14 +0000 2022,-71.2306765,42.6109005,@dobroutro @MauriceBenard @GHgifs @GeneralHospital @watroswatros But a lifetime with Carly and a blurb of Nina. I‚Äôm not digging it. Sorry
1517211372471435273,kmurph423,Thu Apr 21 18:39:14 +0000 2022,-71.112377,42.3781975,the time i go to a @SetItOff show and don‚Äôt cry the entire set will be a fucking miracle. thank u for the vibes üíù https://t.co/LxuZPdkzHB
1517211373553721344,FallBug70,Thu Apr 21 18:39:14 +0000 2022,-122.6557945,47.4939445,"Thank God for Liberals, after all they are able to diagnose all of our phobias, all for free.  They also allow Cons‚Ä¶ https://t.co/oNoSfJHMcu"
1517211395217137664,EverydaySuperHQ,Thu Apr 21 18:39:19 +0000 2022,-71.4218325,41.817084,"@LedZosoBeans @LessOfChickadee If you're not gunna finish your meal, can I have your portion?"
1517211424992419840,The_Soundgarden,Thu Apr 21 18:39:26 +0000 2022,-75.77004099999999,42.746617,Jan Blomqvist will bring his dreamy melodies and emotive vocals to our NYC showcase in May! Together with Nick Warr‚Ä¶ https://t.co/pdnCW6mQoz
1517211427014070275,KPWarriorsAT,Thu Apr 21 18:39:27 +0000 2022,-71.3322105,42.059204,After 2 KP 4 Nipmuc 0Viscusi records another K. Gately to Legere to Robison for the smooth 463 Double play.Crawfo‚Ä¶ https://t.co/OYAbbKnblj
1517211442679754752,MaggieGnadt,Thu Apr 21 18:39:31 +0000 2022,-122.3306025,47.614817,@Lisa_Royal Omg I love her
1517211447800999936,tmj_WA_transp,Thu Apr 21 18:39:32 +0000 2022,-122.24,47.2,"Career tip for landing jobs like ""Non CDL DRIVER Touch freight"" in #Sumner, WA. Go on informational interviews. The‚Ä¶ https://t.co/mw2aN9rY9m"
1517211455157936128,jpketterer,Thu Apr 21 18:39:33 +0000 2022,-75.77004099999999,42.746617,"Good to be back on @WAMCRoundtable with smart and interesting colleagues, including @AlanChartock, @VeraEccarius,‚Ä¶ https://t.co/PSWcrKdGZx"
1517211465043922946,MadisonAyeexo,Thu Apr 21 18:39:36 +0000 2022,-71.683502,42.036939000000004,@beccarantx YESS!! I was like these a god awful who thought this was a good idea
1517211481946955776,aVoice4MA6,Thu Apr 21 18:39:40 +0000 2022,-70.61716849999999,42.6589475,@northbostonfarm oh happy day!!! Our cheese curds have arrived. I just hope that Fede will leave some for me. So ni‚Ä¶ https://t.co/ARnk5Vmp6G
1517211482559197184,DjFred_Eddison,Thu Apr 21 18:39:40 +0000 2022,-122.309369,47.356293,All about that #teriyakithursday üêì Ever try this place out @teena_thach ? https://t.co/O3itSTL7c9
1517211484786286592,abisaigil888,Thu Apr 21 18:39:41 +0000 2022,-120.479852,46.601753,Just fell to my knees
1517211486548021252,daveyb0072,Thu Apr 21 18:39:41 +0000 2022,-71.1486405,41.6861005,"@Carmel311710 Thanks Carmel, I'll be fine, hope you have an awesome rest of your day,be safe!‚ù§Ô∏èü§óüòä‚òòÔ∏è"
1517211499621535744,joanneborzakian,Thu Apr 21 18:39:44 +0000 2022,-71.19867049999999,42.22117299999999,@Nick_Shenk @KeithSmithNBA @jaytatum0 Thank you! Yes! üèÜüòä Happy to have been a small part in ‚ÄòThe energy is about to‚Ä¶ https://t.co/S5ewCp8mIq
1517211503669223432,moldyfish,Thu Apr 21 18:39:45 +0000 2022,-71.683502,42.036939000000004,@MikeMcDonald89 mushrooms made me realize I don‚Äôt enjoy playing poker
1517211521788563457,CN52768,Thu Apr 21 18:39:49 +0000 2022,-71.4417,42.590147,"@adrianbogdan @DoctorLordBasil Thank you, labor of love"
1517211523038552066,511NY,Thu Apr 21 18:39:50 +0000 2022,-73.819578,40.591022,Cleared: Construction on #CrossBayBridge SB at Rockaway (South) Side
1517211525127319559,511NY,Thu Apr 21 18:39:50 +0000 2022,-72.656362,41.789884,Incident on #I91 SB at Exit 33 (JENNINGS RD) https://t.co/f9dzLDkSDS
1517211526100307968,511NY,Thu Apr 21 18:39:50 +0000 2022,-73.035488,41.232949,Incident on #I95 NB at 0.29 miles before Exit 40 (OLD GATE LA) https://t.co/xXbAegzRo0
1517211528637947906,511NY,Thu Apr 21 18:39:51 +0000 2022,-73.246717,41.152056,Updated: Incident on #I95 NB at 0.20 miles before Exit 23 (US 1) https://t.co/9MCE7hrwed
1517211561617547265,ThrottleJockey6,Thu Apr 21 18:39:59 +0000 2022,-122.194398,47.481598,@BasedImmigrant @RubeBait Keep watching fox news so you can keep up on the current GOP cancel culture. It was Dr Su‚Ä¶ https://t.co/hFRSlEbDxk
1517211563790327809,joanneborzakian,Thu Apr 21 18:39:59 +0000 2022,-71.19867049999999,42.22117299999999,@MP82971 @KeithSmithNBA @jaytatum0 Thank you! üíöüèÄ‚òòÔ∏è So happy to have been a small part in ‚ÄòThe energy is about to sh‚Ä¶ https://t.co/hnOGUK4V1V
1517211581267947520,Apaullo_28,Thu Apr 21 18:40:04 +0000 2022,-120.58340150000001,44.1454365,@emilyetaylor23 NCAA finally admitting that Dyer was down!
1517211601165815808,Psyrosniper,Thu Apr 21 18:40:08 +0000 2022,-71.0887125,42.3136695,me and @Luigikid64_SSBU are about to farm this tournament
1517211619633156096,LatanaPowell,Thu Apr 21 18:40:13 +0000 2022,-122.455344,47.242960499999995,"Yes, I'm Queen of The UnderWorld https://t.co/0qyiT9PftH"
1517211623546523649,xeegeex,Thu Apr 21 18:40:14 +0000 2022,-122.3306025,47.614817,@harper Too sexy for the office! How can you concentrate?
1517211654316072960,xjtayyx,Thu Apr 21 18:40:21 +0000 2022,-73.135176,41.316085,same girl same
1517211658908807170,mikeygems,Thu Apr 21 18:40:22 +0000 2022,-71.0323765,42.399371,These dentist glasses too swaggy
1517211661534441472,dhinchcliffe,Thu Apr 21 18:40:23 +0000 2022,-71.0887125,42.3136695,‚ÄúWhat if you know people start making weird suboptimal decisions based on something like pay #transparency.‚Äù -‚Ä¶ https://t.co/JyVyUL7aIY
1517211677720207367,joanneborzakian,Thu Apr 21 18:40:27 +0000 2022,-71.19867049999999,42.22117299999999,@hibritty @KeithSmithNBA @jaytatum0 Thank you! üíöüèÄ‚òòÔ∏è So happy to have been a small part in ‚ÄòThe energy is about to s‚Ä¶ https://t.co/9JlRZVLIZe
1517211684242403332,mollsyvl,Thu Apr 21 18:40:28 +0000 2022,-70.363531,41.667736500000004,@DianaRichterH @BoysClubCrypto I am so sorry
1517211695944458240,Siarl1950,Thu Apr 21 18:40:31 +0000 2022,-71.43666999999999,41.6989405,@Jim_Jordan No he didn‚Äôt. He hasn‚Äôt even made a statement. You are the loser spreading propaganda.
1517211703288737793,EverydaySuperHQ,Thu Apr 21 18:40:33 +0000 2022,-71.4218325,41.817084,@FreighterOne @LessOfChickadee My hero! You saved us from Florida!
1517211711639592963,levicooperrr,Thu Apr 21 18:40:35 +0000 2022,-71.0887125,42.3136695,"hahahahjk i forgot i wuz listening to my ‚Äúput vipers = ON, world = OFF‚Äù playlist &amp; def leppard j came on blaring üò≠üò≠"
1517211730849538050,CTDOT_District3,Thu Apr 21 18:40:39 +0000 2022,-73.035488,41.232949,Cleared: Other - MILFORD #I95 North 0.29 miles before Exit 40 (OLD GATE LA) at 4/21/2022 2:40:02 PM
1517211730761424906,CTDOT_Statewide,Thu Apr 21 18:40:39 +0000 2022,-73.035488,41.232949,Cleared: Other - MILFORD #I95 North 0.29 miles before Exit 40 (OLD GATE LA) at 4/21/2022 2:40:02 PM
1517211748108931072,ErikWdV,Thu Apr 21 18:40:43 +0000 2022,-123.370838,48.496225499999994,@bromptonymous @renomate @Burgundavia @bigorangebike @kermitology @CapitalBikeCa @PhilipMarciniak @edwardp‚Ä¶ https://t.co/gXrrgslPDf
1517211768740884480,RebeccaRuth_,Thu Apr 21 18:40:48 +0000 2022,-71.683502,42.036939000000004,"@jbattTX Thanks. It‚Äôs OK, it‚Äôs just that I‚Äôve never really liked birthdays I‚Äôve never really enjoyed getting older‚Ä¶ https://t.co/7qu7XT5nsi"
1517211817583382528,Rimroot,Thu Apr 21 18:41:00 +0000 2022,-120.882482,47.273022,@lesiavasylenko @criteria681 The truth of Stalin‚Äôs  blood lands must be revealed to the world! Putin is Stalin‚Äôs pr‚Ä¶ https://t.co/u7lgrZq8eE
1517211820146278400,JamesPimenta2,Thu Apr 21 18:41:01 +0000 2022,-71.079038,41.899533500000004,"@FirstTake Hi Molly+gang. Following the war, so u have been saved from my 2 cents. U+S.A. talking of guards Mike W.‚Ä¶ https://t.co/ifEjapLvma"
1517211832217260038,tmj_cte_edu,Thu Apr 21 18:41:03 +0000 2022,-71.4128343,41.8239891,"Can you recommend anyone for this job in #Providence, RI? https://t.co/BTx3gEPADP #Education"
1517211865927008267,PhotoAmy33,Thu Apr 21 18:41:11 +0000 2022,-73.396371,41.46737,@HitmanHeitzie I‚Äôd pay for some Gosling!!
1517211866551959554,kmurph423,Thu Apr 21 18:41:12 +0000 2022,-71.112377,42.3781975,@NoLoveForThe ü•≤üíù happy for u !! can‚Äôt wait to jam to pretty little lies
1517211873732702208,JackKelly111,Thu Apr 21 18:41:13 +0000 2022,-71.0887125,42.3136695,Don‚Äôt mess with @MikeTyson
1517211875661864960,FordisFaded,Thu Apr 21 18:41:14 +0000 2022,-123.3583795,48.4267305,When @HomieGsNFT are 1eth floor don‚Äôt @ me ‚ú®üåñ‚ú®üöÄ
1517211879520808963,joanneborzakian,Thu Apr 21 18:41:15 +0000 2022,-71.19867049999999,42.22117299999999,@DimeDropperPod @KeithSmithNBA @jaytatum0 Thank you! I‚Äôm ok. I‚Äôm happy to have been a small part in ‚ÄòThe energy is‚Ä¶ https://t.co/XZh8iwcJku
1517211881655570432,DLS151,Thu Apr 21 18:41:15 +0000 2022,-122.30195045,47.65035629,Meanwhile in Seattle. My man @ckratus sent me this photo from the @dlslacrosse road trip to Washington. A most succ‚Ä¶ https://t.co/WgNsC8wK8w
1517211897132683265,karinwolok,Thu Apr 21 18:41:19 +0000 2022,-71.0887125,42.3136695,üòç @thos_jones @SeanMGonzalez Look who I ran into!! @wahalulu @DataScienceDC @odsc #ODSCEast https://t.co/KENSsbNk23
1517211917517037569,byron_leftwich,Thu Apr 21 18:41:24 +0000 2022,-71.4218325,41.817084,@schneidercathy1 @ellewoodsgolfs @ProfRobAnderson You also work like 100 days a year tops stop crying and supplemen‚Ä¶ https://t.co/dmJ7ihWdE2
1517211938450808840,_Camerooner,Thu Apr 21 18:41:29 +0000 2022,-71.683502,42.036939000000004,@TriumphLast Triumph it‚Äôs a fucking beta ????
1517211971178930182,qzondervan,Thu Apr 21 18:41:37 +0000 2022,-71.112377,42.3781975,Our Cycling Safety Ordinance made it into the New York Times. Cities across the country must find the political cou‚Ä¶ https://t.co/2UqOMcqYOS
1517211978036654082,joanneborzakian,Thu Apr 21 18:41:38 +0000 2022,-71.19867049999999,42.22117299999999,@smarfwater @KeithSmithNBA @jaytatum0 Thank you! I‚Äôm ok! I‚Äôm happy to have been a small part in ‚ÄòThe energy is abou‚Ä¶ https://t.co/GcZqbZrTUz
1517211981312364544,mattsm00th,Thu Apr 21 18:41:39 +0000 2022,-73.022108,41.5665785,Disney+
1517211988534779906,ZekeGary2,Thu Apr 21 18:41:41 +0000 2022,-120.882482,47.273022,"America 1st is more than a slogan, phrase, jingle, or battle cry, it's a standard, a cornerstone on which we base o‚Ä¶ https://t.co/Rq2aZPODhj"
1517212009808506889,511NY,Thu Apr 21 18:41:46 +0000 2022,-72.774043,41.670263,Cleared: Construction on #CT9 SB at Exit 27 (CHESTNUT ST)
1517212009875623936,511NY,Thu Apr 21 18:41:46 +0000 2022,-77.884692,43.093,Updated: Construction on #I490 Both directions at South Main Street; NY 36 https://t.co/ODU8z8prQn
1517212010378936320,511nyRochester,Thu Apr 21 18:41:46 +0000 2022,-77.884692,43.093,Updated: Construction on #I490 Both directions at South Main Street; NY 36 https://t.co/CmYP7i5nb7
1517212011494612995,511NY,Thu Apr 21 18:41:46 +0000 2022,-72.5895,42.023806,Cleared: Construction on #I91 SB at Exit 49 (US 5)
1517212035481669632,nicksologist,Thu Apr 21 18:41:52 +0000 2022,-119.277924,46.346547,Big Day! The Grid Storage Launchpad Groundbreaking is happening today at the new Energy Sciences Center @PNNLab https://t.co/hYQ0MMpyjz
1517212038774333441,123tangodown,Thu Apr 21 18:41:53 +0000 2022,-70.4389635,41.733223,I guess you‚Äôll just have to wait and see it‚Äôs a surprise . your idea has some merit
1517212045250334723,DickSnodgrass,Thu Apr 21 18:41:54 +0000 2022,-71.00536,42.203364,#thegauntletvector@POTUS @SecretService @FBIWFO @FreeBeacon @FallonTonight @JimmyKimmelLive @RollingStone‚Ä¶ https://t.co/lVOdOmYSkw
1517212057828872192,TootyKorn2,Thu Apr 21 18:41:57 +0000 2022,-122.455344,47.242960499999995,@StoneLarry drop ticket prices
1517212063134666752,Luolivma,Thu Apr 21 18:41:58 +0000 2022,-122.3306025,47.614817,@maximalalps Come! https://t.co/MLzesjagQd
1517212074539159553,RonnieB1219,Thu Apr 21 18:42:01 +0000 2022,-75.77004099999999,42.746617,Poor Lindt bunny didn't stand a chance..#SummerBodInProgress https://t.co/3xFWB8qZpa
1517212083120615424,PhotoAmy33,Thu Apr 21 18:42:03 +0000 2022,-73.396371,41.46737,@AlexBehunin Cheese. I would fight for some fresh Havarti
1517212093862367233,mheathumbach,Thu Apr 21 18:42:06 +0000 2022,-71.43790200000001,42.388828000000004,"@portdauphin @AntiMAGA20 @MoBrooks I guess - if their constituents want poor performing schools, poor health outcomes, etc ü§∑‚Äç‚ôÇÔ∏è"
1517212095082860548,MrWesDaBest,Thu Apr 21 18:42:06 +0000 2022,-71.041965,41.935175,"@bigpete20205 @damitsunami @Complex some stuff yes, this situation noo"
1517212100560576512,JustMeHollywood,Thu Apr 21 18:42:07 +0000 2022,-72.68382650000001,41.864072500000006,"I have never waited 3 hours for a haircut, this is beyond ridiculous, after I was told 2 hours. Never again."
1517212129723568129,owen_hartline,Thu Apr 21 18:42:14 +0000 2022,-71.0887125,42.3136695,"Idk what thinking cup did to my latte but holy shit. I couldn‚Äôt even walk in a straight line, bendin and swayin, buzzin out the wazoo!!!"
1517212139722878979,alex,Thu Apr 21 18:42:17 +0000 2022,-71.4218325,41.817084,@nmasc_ @chiefgayofficer Fired
1517212153106870272,TeeCally,Thu Apr 21 18:42:20 +0000 2022,-75.77004099999999,42.746617,@salonpas This would be wonderful
1517212204407291906,tmj_WAT_secure,Thu Apr 21 18:42:32 +0000 2022,-122.3320708,47.6062095,"Click the link in our bio to see currently open Security Officer jobs like ""Security Officer - Office Building"" at‚Ä¶ https://t.co/4MUYGN7Wig"
1517212217585852417,ABigThingBadly,Thu Apr 21 18:42:35 +0000 2022,-72.83558400000001,41.7312315,@zscuffed Tweet of the day
1517212252633542657,thedondaddaxxx,Thu Apr 21 18:42:44 +0000 2022,-72.54558449999999,42.1130625,I stay playing in my hole https://t.co/2ljojF2mfa
1517212264864096256,Furrnandotorres,Thu Apr 21 18:42:47 +0000 2022,-72.757385,41.500753,Me before finding crypto and me now @BillyM2k @AltcoinGordon @dogeofficialceo #MikeTyson https://t.co/W6oLt9mMBq
1517212275479748608,johncolucci,Thu Apr 21 18:42:49 +0000 2022,-122.29648850000001,47.442583,@IKEAtkinson Happy birthday ‚ù§Ô∏è
1517212302818234368,RudolphTheGrey1,Thu Apr 21 18:42:56 +0000 2022,-122.302491,47.726612,"Can someone born in 1996' out smart a man in his 60s, yes he can, he came from heaven, #foxnews internet agae, https://t.co/Z2b46M49J4"
1517212313127993344,Fh_Boodah,Thu Apr 21 18:42:58 +0000 2022,-71.0887125,42.3136695,Lesson learned‚Ä¶ not to cheat on my barber
1517212324859453440,jswainphoto,Thu Apr 21 18:43:01 +0000 2022,-122.3308,47.6046,"DM ASAP if you‚Äôre interested! @ Seattle, Washington https://t.co/D7q0elrabI"
1517212328432914432,ButcherOfHFerry,Thu Apr 21 18:43:02 +0000 2022,-71.326858,42.636248,@CincySeitz @DavidPepper This sentient fungal infection is proof that McDonald's has tighter hiring standards than our government.
1517212333902159872,tmj_bos_finance,Thu Apr 21 18:43:03 +0000 2022,-71.0588801,42.3600825,"If jobs with titles like ""Fund Accounting Manager"" sound appealing to you, follow us to hear about these types of o‚Ä¶ https://t.co/IVGY9H80BW"
1517212347395457024,kmurph423,Thu Apr 21 18:43:06 +0000 2022,-71.112377,42.3781975,my birthdays May 3 but i‚Äôm seeing camino April 29th do i tell them it‚Äôs my birthday so they play The Black and White
1517212351401021440,CTDOT_Statewide,Thu Apr 21 18:43:07 +0000 2022,-73.383997,41.117159,Delays - NORWALK #I95 South 0.57 miles beyond Exit 17 (RTE 33 (SAUGTUCK AVE)) at 4/21/2022 2:42:58 PM #cttraffic
1517212351371563008,CTDOT_District3,Thu Apr 21 18:43:07 +0000 2022,-73.383997,41.117159,Delays - NORWALK #I95 South 0.57 miles beyond Exit 17 (RTE 33 (SAUGTUCK AVE)) at 4/21/2022 2:42:58 PM #cttraffic
1517212353523113984,TravisMayfield,Thu Apr 21 18:43:08 +0000 2022,-122.3306025,47.614817,"‚Äú‚Ä¶Flames. Flames! Flaaaames‚Ä¶on the side of my face, breathing, breathless, heaving breaths.‚Äù"
1517212374704480257,mayyaearth,Thu Apr 21 18:43:13 +0000 2022,-70.967489,41.9704095,why am i just now learning that all under heaven is gonna be playing in MA next friday and im fucking WORKING
1517212375207735296,tmj_IDH_HRTA,Thu Apr 21 18:43:13 +0000 2022,-116.4360005,43.6434944,"At Inspire Brands, we spark a culture of innovation that welcomes great ideas to thrive at every level. Find out ho‚Ä¶ https://t.co/yWY1d8wjeW"
1517212378982662144,mayyaearth,Thu Apr 21 18:43:14 +0000 2022,-70.967489,41.9704095,brb gonna go cry
1517212379108372480,Luolivma,Thu Apr 21 18:43:14 +0000 2022,-122.3306025,47.614817,@ferfromArg @italianteenhunk Would be better inside me https://t.co/UftNQiPwAa
1517212391783600129,miahBreese4,Thu Apr 21 18:43:17 +0000 2022,-122.9183245,46.182768,#?mouthfuck do you
1517212396808712192,Fh_Boodah,Thu Apr 21 18:43:18 +0000 2022,-71.0887125,42.3136695,Can‚Äôt go to the barbershop for another month now lmaooo
1517212397903257605,Delgadostone,Thu Apr 21 18:43:18 +0000 2022,-71.0565,42.3577,"Just posted a photo @ Boston, Massachusetts https://t.co/KoBEqouJCz"
1517212400373710848,JoeJr57,Thu Apr 21 18:43:19 +0000 2022,-72.54558449999999,42.1130625,@natbaddie @tastenatalie Happy Birthday üéâüéÇüéäüéàüéÅ
1517212422578130944,Ryderjobs,Thu Apr 21 18:43:24 +0000 2022,-71.1804988,41.9629235,"See our latest Norton, MA job and click to apply: Experienced Diesel Mechanic Sign On Bonus $3,500 -‚Ä¶ https://t.co/8efCFPwXef"
1517212427045281792,MichaelGM1963,Thu Apr 21 18:43:25 +0000 2022,-96.3073065,65.8381145,Dangerous 'Deconstruction' Movement Targets Christians To Abandon The Faith https://t.co/qeHTpWXYPx
1517212447756603398,aaliyyaahh_,Thu Apr 21 18:43:30 +0000 2022,-122.5243325,45.6831065,this was a year ago already? damn. i still wear this crewneck s lot üî•
1517212447857336321,EdwardKuo,Thu Apr 21 18:43:30 +0000 2022,-71.0887125,42.3136695,Boston style lunch https://t.co/RJgkv7wmPG
1517212479448780800,IAmInertiaGG,Thu Apr 21 18:43:38 +0000 2022,-122.035069,47.6081205,Heart is going out today to all male victims of domestic violence. The psychological pain caused to victims and the‚Ä¶ https://t.co/51NEHQeCH6
1517212483643056130,Luolivma,Thu Apr 21 18:43:39 +0000 2022,-122.3306025,47.614817,@ThiagoZanetti8 @italianteenhunk My favorite position https://t.co/bPpnFtEM9K
1517212500483137537,SKCFDispatches,Thu Apr 21 18:43:43 +0000 2022,-122.34861712,47.48428306,"üö® üî•DISPATCH: Automatic Fire Alarm @ DOMINIQUE APTS, 13218 AMBAUM BLVD SW, BURIEN.Responding Dept: BurienUnit(s)‚Ä¶ https://t.co/nDSEGs3DcO"
1517212522595684352,JamesPimenta2,Thu Apr 21 18:43:48 +0000 2022,-71.079038,41.899533500000004,@FirstTake P. S. In 25 yrs theyll be way to many players. They should do. Top 25 for each decade. Really. BB is not‚Ä¶ https://t.co/7wW6vWY01c
1517212535497404416,cheriann11,Thu Apr 21 18:43:51 +0000 2022,-71.2306765,42.6109005,@port_misery I think they‚Äôre all in on it
1517212547455270918,123tangodown,Thu Apr 21 18:43:54 +0000 2022,-70.4389635,41.733223,It‚Äôs not a bad job being in Congress you don‚Äôt have to do anything you get rich and you go to parties
1517212564366708738,511NY,Thu Apr 21 18:43:58 +0000 2022,-73.035488,41.232949,Cleared: Incident on #I95 NB at 0.29 miles before Exit 40 (OLD GATE LA)
1517212624936595456,tmj_MA_it,Thu Apr 21 18:44:12 +0000 2022,-71.0588801,42.3600825,"Don't submit then quit. Apply for jobs like ""Associate Director, Software Engineering"" at SS&amp;C Technologies, then l‚Ä¶ https://t.co/fDCXaxYpMk"
1517212635225284609,RebeccaRuth_,Thu Apr 21 18:44:15 +0000 2022,-71.683502,42.036939000000004,@CBSEveningNews We share a #birthday üôÇ
1517212653386711043,MikePacheco81,Thu Apr 21 18:44:19 +0000 2022,-71.098161,42.346422,Day game at Fenway https://t.co/0M794DpuxB
1517212665122238466,tmj_sea_it,Thu Apr 21 18:44:22 +0000 2022,-122.3356196,47.5802366,"Want to land a job like ""manager, Technology Product &amp; Solutions (Payroll)"" at Starbucks? Applicant tracking system‚Ä¶ https://t.co/0GZJufxlBI"
1517212670251786240,MrYeahIKnow,Thu Apr 21 18:44:23 +0000 2022,-122.3306025,47.614817,I got a flight in a hour and I‚Äôm not home and I‚Äôm not packed! I‚Äôm taking a page out @Lamarr1FTC book! Ima still make my flight tho
1517212754737778689,darryl_funaro,Thu Apr 21 18:44:43 +0000 2022,-71.2228915,42.0236825,"@jimmykimmel Kimmel, Lord knows your wife‚Äôs is bigger than yours you talentless piece of sh*t!!"
1517212753932414976,jonaweenie,Thu Apr 21 18:44:43 +0000 2022,-122.194398,47.481598,twinkle twinkle ‚ú®‚ú®‚ú® https://t.co/4PMdnF8diR
1517212765252820992,TravisMayfield,Thu Apr 21 18:44:46 +0000 2022,-122.3306025,47.614817,@Chewyrobbo You should watch it!  I‚Äôm glad I watched it.  I like many things about it.  I like much of the acting.‚Ä¶ https://t.co/wIy1VCm3a6
1517212779265941504,buneeriee,Thu Apr 21 18:44:49 +0000 2022,-122.3306025,47.614817,@deft0nesgf me in the corner of the gym making sure everyone stays quiet and doesn‚Äôt disturb u üò§ https://t.co/GHiw2YWu2u
1517212785599389696,Luolivma,Thu Apr 21 18:44:51 +0000 2022,-122.3306025,47.614817,@gaypornvideoxxx @jakedanieloffic @blessed_213 Put inside me https://t.co/kLNd6hqbsj
1517212788388601858,ImJustHereSoI18,Thu Apr 21 18:44:51 +0000 2022,-122.9352255,46.971318499999995,"West Side Story. I found it garish, annoying, and stupid. Just stab each other already."
1517212788481040386,evankinney,Thu Apr 21 18:44:51 +0000 2022,-71.0887125,42.3136695,@DesignJunkie010 yep! in boston for PAX.
1517212792490713091,Peace_treat,Thu Apr 21 18:44:52 +0000 2022,-72.757385,41.500753,Check out this petition and please sign: https://t.co/inwiP9XxaC
1517212849881288704,Luolivma,Thu Apr 21 18:45:06 +0000 2022,-122.3306025,47.614817,@JoshMooreXXX Gimme that https://t.co/LIzi8a8GLa
1517212856738926592,Gyolapagos,Thu Apr 21 18:45:08 +0000 2022,-123.447277,48.576973,"Just a heads up if y‚Äôall live in the area my cat is missing, there‚Äôs a $200 reward for his safe return #victoria‚Ä¶ https://t.co/NvmJIVVKAY"
1517212857649217536,Pparisi515,Thu Apr 21 18:45:08 +0000 2022,-72.8541685,41.673677999999995,Wash rinse repeat Monty gets no run support #YankeesTwitter
